중분류코드,중분류명,품목코드,품목명,등급
A01000,진료대와 수술대,A01010.01,범용 수동식 진료대,1
A01000,진료대와 수술대,A01010.02,범용 수동 유압식 진료대,1
A01000,진료대와 수술대,A01010.03,비뇨기과용 수동식 진료대,1
A01000,진료대와 수술대,A01010.04,비뇨기과용 수동 유압식 진료대,1
A01000,진료대와 수술대,A01010.05,산부인과용 수동식 진료대,1
A01000,진료대와 수술대,A01010.06,산부인과용 수동 유압식 진료대,1
A01000,진료대와 수술대,A01010.07,산부인과용 수동식 분만대,1
A01000,진료대와 수술대,A01010.08,산부인과용 수동 유압식 분만대,1
A01000,진료대와 수술대,A01010.09,수동식 진단용 엑스선 장치 진료대,1
A01000,진료대와 수술대,A01010.10,범용 전동식 진료대,1
A01000,진료대와 수술대,A01010.11,범용 전동 유압식 진료대,1
A01000,진료대와 수술대,A01010.12,비뇨기과용 전동식 진료대,1
A01000,진료대와 수술대,A01010.13,비뇨기과용 전동 유압식 진료대,1
A01000,진료대와 수술대,A01010.14,산부인과용 전동식 진료대,1
A01000,진료대와 수술대,A01010.15,산부인과용 전동 유압식 진료대,1
A01000,진료대와 수술대,A01010.16,산부인과용 전동식 분만대,1
A01000,진료대와 수술대,A01010.17,산부인과용 전동 유압식 분만대,1
A01000,진료대와 수술대,A01010.18,전동식 진단용 엑스선 장치 진료대,1
A01000,진료대와 수술대,A01020.01,수동식 수술대,1
A01000,진료대와 수술대,A01020.02,수동 유압식 수술대,1
A01000,진료대와 수술대,A01020.03,전동식 수술대,1
A01000,진료대와 수술대,A01020.04,전동 유압식 수술대,1
A01000,진료대와 수술대,A01030.01,유아 가온장치,2
A01000,진료대와 수술대,A01040.01,환자 고정 보조대,1
A01000,진료대와 수술대,A01050.01,수동식 방사선 치료대,1
A01000,진료대와 수술대,A01050.02,수동 유압식 방사선 치료대,1
A01000,진료대와 수술대,A01050.03,전동식 방사선 치료대,1
A01000,진료대와 수술대,A01050.04,전동 유압식 방사선 치료대,1
A01000,진료대와 수술대,A01060.01,수동식 진료용 의자,1
A01000,진료대와 수술대,A01060.02,전동식 진료용 의자,1
A02000,의료용 침대,A02010.01,수동식 의료용 침대,1
A02000,의료용 침대,A02010.02,전동식 의료용 침대,1
A02000,의료용 침대,A02020.01,의료용 공기분사 침대,2
A02000,의료용 침대,A02030.01,의료용 순환 침대,2
A02000,의료용 침대,A02040.01,수동식 환자회전 침대,1
A02000,의료용 침대,A02040.02,전동식 환자회전 침대,2
A02000,의료용 침대,A02050.01,의료용 교대부양 매트리스,2
A02000,의료용 침대,A02050.02,의료용 압력분산 매트리스,1
A02000,의료용 침대,A02060.01,의료용침대구동기구,1
A03000,의료용 조명기,A03010.01,수술용 무영등,1
A03000,의료용 조명기,A03010.02,광파이버 수술용 조명등,1
A03000,의료용 조명기,A03020.01,일반용 조명용 광원장치,1
A03000,의료용 조명기,A03020.02,내시경용 광원장치,2
A03000,의료용 조명기,A03030.01,의료용 헤드램프,1
A03000,의료용 조명기,A03040.01,진료용 조명등,1
A03000,의료용 조명기,A03040.02,안과용 철조기,1
A03000,의료용 조명기,A03040.03,엔토프토스코프,1
A03000,의료용 조명기,A03040.04,이동형 조명기,1
A03000,의료용 조명기,A03040.05,귀 조명기,1
A03000,의료용 조명기,A03040.06,치과용 조명기,1
A03000,의료용 조명기,A03040.07,투광 조명등,1
A03000,의료용 조명기,A03050.01,광선 환부 표시기,1
A04000,의료용 소독기,A04010.01,B형 소용량 고압증기 멸균기,2
A04000,의료용 소독기,A04010.02,N형 소용량 고압증기 멸균기,2
A04000,의료용 소독기,A04010.03,S형 소용량 고압증기 멸균기,2
A04000,의료용 소독기,A04010.04,대형 고압증기 멸균기,2
A04000,의료용 소독기,A04020.01,의료용 자외선 소독기,2
A04000,의료용 소독기,A04025.01,의료용 적외선 소독기,2
A04000,의료용 소독기,A04030.01,의료용 열 소독기,2
A04000,의료용 소독기,A04040.01,건열 멸균기,2
A04000,의료용 소독기,A04050.01,에틸렌옥사이드가스 멸균기,2
A04000,의료용 소독기,A04060.01,의료용 포름알데히드가스 소독기,2
A04000,의료용 소독기,A04060.02,의료용 포름알데히드가스 멸균기,2
A04000,의료용 소독기,A04070.01,의료용 화학 소독기,2
A04000,의료용 소독기,A04080.01,의료용 오존 소독기,2
A04000,의료용 소독기,A04080.02,의료용 오존 멸균기,2
A04000,의료용 소독기,A04090.01,의료용 저온 플라즈마 멸균기,2
A04000,의료용 소독기,A04090.02,콘택트렌즈 소독기,2
A04000,의료용 소독기,A04090.03,경성 내시경용 세정 소독기,2
A04000,의료용 소독기,A04090.04,연성 내시경용 세정 소독기,2
A04000,의료용 소독기,A04090.05,냉액 멸균기,2
A04000,의료용 소독기,A04090.06,미포장용 마이크로파 멸균기,2
A04000,의료용 소독기,A04090.07,포장용 마이크로파 멸균기,2
A04000,의료용 소독기,A04090.08,액체용 마이크로파 멸균기,2
A04000,의료용 소독기,A04090.09,이산화염소가스 멸균기,2
A05000,의료용 무균수 장치,A05010.01,의료용무균수장치,2
A06000,마취기,A06010.01,가스 마취기,3
A06000,마취기,A06010.02,마취용 기화기,3
A06000,마취기,A06010.03,아산화질소가스 진정기,3
A06000,마취기,A06010.04,정맥 마취기,3
A06000,마취기,A06020.01,전기 마취기,3
A07000,호흡 보조기,A07010.01,범용 인공호흡기,3
A07000,호흡 보조기,A07010.02,개인용 인공호흡기,3
A07000,호흡 보조기,A07010.03,고빈도 인공호흡기,3
A07000,호흡 보조기,A07010.04,마취용 인공호흡기,3
A07000,호흡 보조기,A07010.05,신생아·소아용 인공호흡기,3
A07000,호흡 보조기,A07010.06,운반형 인공호흡기,3
A07000,호흡 보조기,A07010.07,음압 인공호흡기,3
A07000,호흡 보조기,A07010.08,양압 지속유지기,2
A07000,호흡 보조기,A07010.09,수동식 심장펌프 인공소생기,3
A07000,호흡 보조기,A07020.01,수동식 인공호흡기,2
A07000,호흡 보조기,A07020.02,일회용 수동식 인공호흡기,2
A07000,호흡 보조기,A07025.01,호흡기용 마스크,1
A07000,호흡 보조기,A07025.02,에어로졸 마스크,1
A07000,호흡 보조기,A07025.03,부분 재호흡 마스크,1
A07000,호흡 보조기,A07025.04,비재호흡 마스크,1
A07000,호흡 보조기,A07025.05,가스 혼합 마스크,1
A07000,호흡 보조기,A07025.06,구급 소생 마스크,1
A07000,호흡 보조기,A07030.01,산소 공급기,2
A07000,호흡 보조기,A07030.02,의료용 산소 혼합 공급기,2
A07000,호흡 보조기,A07040.01,의료용 산소 발생기,2
A07000,호흡 보조기,A07050.01,수동식 의료용 산소 천막,1
A07000,호흡 보조기,A07050.02,수동식 국소 의료용 산소 소매,1
A07000,호흡 보조기,A07050.03,전동식 의료용 산소 천막,2
A07000,호흡 보조기,A07050.04,전동식 국소 의료용 산소 소매,2
A07000,호흡 보조기,A07060.01,의료용 온습도 조절기,2
A07000,호흡 보조기,A07070.01,외음압 호흡 보조장치,3
A07000,호흡 보조기,A07080.01,왕복식 호흡 보조대,2
A07000,호흡 보조기,A07090.01,의료용 가스 공급장치,2
A07000,호흡 보조기,A07110.01,산화질소 전달장치,3
A08000,의료용 챔버,A08010.01,의료용 고압 산소챔버,2
A08000,의료용 챔버,A08020.01,경피 산소챔버,2
A08000,의료용 챔버,A08030.01,복부 감압챔버,2
A08000,의료용 챔버,A08040.01,환자 격리챔버,2
A09000,내장 기능 대용기,A09010.01,인공 심폐장치,4
A09000,내장 기능 대용기,A09020.01,심폐용 혈액 회로,3
A09000,내장 기능 대용기,A09030.01,심폐용 혈액 저장조,2
A09000,내장 기능 대용기,A09030.02,헤파린 사용 심폐용 혈액 저장조,3
A09000,내장 기능 대용기,A09040.01,심폐용 산화기,4
A09000,내장 기능 대용기,A09050.01,심폐용 열 교환기,2
A09000,내장 기능 대용기,A09050.02,헤파린 사용 심폐용 열 교환기,3
A09000,내장 기능 대용기,A09060.01,심폐용 온도 제어장치,2
A09000,내장 기능 대용기,A09070.01,심폐용 혈액 여과기,4
A09000,내장 기능 대용기,A09080.01,심폐용 준비액 여과기,3
A09000,내장 기능 대용기,A09090.01,심폐용 라인 내 혈액 가스 모니터,3
A09000,내장 기능 대용기,A09090.02,호흡회로 가스 모니터,2
A09000,내장 기능 대용기,A09100.01,심폐용 수위감지 제어기,2
A09000,내장 기능 대용기,A09100.02,보조 순환장치용 펌프,4
A09000,내장 기능 대용기,A09110.01,심폐용 혈액펌프,4
A09000,내장 기능 대용기,A09120.01,심폐용 가스 제어장치,3
A09000,내장 기능 대용기,A09130.01,심폐용 기포 제거기,3
A09000,내장 기능 대용기,A09140.01,심폐용 기포 탐지기,2
A09000,내장 기능 대용기,A09150.01,의료용 보조 순환장치,4
A09000,내장 기능 대용기,A09150.02,보조 심장장치,4
A09000,내장 기능 대용기,A09150.03,대동맥 풍선 제어장치,4
A09000,내장 기능 대용기,A09160.01,체외 기포형 인공 폐,3
A09000,내장 기능 대용기,A09160.02,체외 막형 인공 폐,3
A09000,내장 기능 대용기,A09160.03,헤파린 사용 체외식 막형 인공 폐,3
A09000,내장 기능 대용기,A09160.04,혈관 내 막형 인공 폐,4
A09000,내장 기능 대용기,A09170.01,체온 조절장치,2
A09000,내장 기능 대용기,A09180.01,복막 투석장치,3
A09000,내장 기능 대용기,A09190.01,복수·흉수 여과 농축기,3
A09000,내장 기능 대용기,A09200.01,인공 신장기,3
A09000,내장 기능 대용기,A09210.01,고투과성 인공 신장기,3
A09000,내장 기능 대용기,A09210.02,자가 투석 인공 신장기,3
A09000,내장 기능 대용기,A09220.01,인공 신장기용 혈액회로,2
A09000,내장 기능 대용기,A09220.02,헤파린 사용 인공 신장기용 혈액회로,3
A09000,내장 기능 대용기,A09220.03,복막 투석장치용 회로,2
A09000,내장 기능 대용기,A09220.04,복막 투석액 주입용 튜브·카테터,2
A09000,내장 기능 대용기,A09230.01,인공 신장기용 정수장치,3
A09000,내장 기능 대용기,A09230.02,인공 신장기용 정수 여과기,3
A09000,내장 기능 대용기,A09240.01,인공 신장기용 혈액 여과기,3
A09000,내장 기능 대용기,A09240.02,투석용 주사제 여과기,3
A09000,내장 기능 대용기,A09250.01,혈액 관류장치,3
A09000,내장 기능 대용기,A09260.01,체외형 심장박동기,3
A09000,내장 기능 대용기,A09270.01,이식형 심장박동기,4
A09000,내장 기능 대용기,A09280.01,이식형 심장박동기 전극,4
A09000,내장 기능 대용기,A09280.02,체외형 심장박동기 전극,4
A09000,내장 기능 대용기,A09285.01,심장 박동기 분석기,3
A09000,내장 기능 대용기,A09290.01,심장박동기 리드 어댑터,4
A09000,내장 기능 대용기,A09300.01,심장박동기 백,3
A09000,내장 기능 대용기,A09310.01,비이식형 심장박동기 수리 교체 재료,3
A09000,내장 기능 대용기,A09310.02,이식형 심장박동기 수리 교체 재료,4
A09000,내장 기능 대용기,A09320.01,인공 달팽이관 장치,3
A09000,내장 기능 대용기,A09330.01,인공 신장 투석액 제조기,3
A10000,보육기,A10010.01,거치형 보육기,3
A10000,보육기,A10020.01,운반용 보육기,3
A10000,보육기,A10020.02,이동형 보육기,3
A11000,진단용 엑스선 장치,A11010.01,전신용 전산화 단층 엑스선 촬영장치,2
A11000,진단용 엑스선 장치,A11010.02,부위 한정용 전산화 단층 엑스선 촬영장치,2
A11000,진단용 엑스선 장치,A11010.03,치과용 전산화 단층 촬영 엑스선 장치,2
A11000,진단용 엑스선 장치,A11010.04,암형 전산화 단층 엑스선 촬영장치,2
A11000,진단용 엑스선 장치,A11010.05,일렉트론빔 엑스선 전산화 단층 촬영장치,2
A11000,진단용 엑스선 장치,A11020.01,진단용 엑스선 촬영장치,2
A11000,진단용 엑스선 장치,A11030.01,형광판식 엑스선 투시 촬영장치,2
A11000,진단용 엑스선 장치,A11040.01,진단용 엑스선 투시 촬영장치,2
A11000,진단용 엑스선 장치,A11040.02,이동형 엑스선 투시 촬영장치,2
A11000,진단용 엑스선 장치,A11050.01,단층 촬영용 엑스선 장치,2
A11000,진단용 엑스선 장치,A11060.01,유방 촬영용 엑스선 장치,2
A11000,진단용 엑스선 장치,A11060.02,디지털 유방 촬영용 엑스선 장치,2
A11000,진단용 엑스선 장치,A11060.03,이동형 유방 촬영용 엑스선 장치,2
A11000,진단용 엑스선 장치,A11060.04,이동형 디지털 유방 촬영용 엑스선 장치,2
A11000,진단용 엑스선 장치,A11060.05,포터블 유방 촬영용 엑스선 장치,2
A11000,진단용 엑스선 장치,A11060.06,포터블 디지털 유방 촬영용 엑스선 장치,2
A11000,진단용 엑스선 장치,A11070.01,간접 촬영용 엑스선 장치,2
A11000,진단용 엑스선 장치,A11080.01,이동형 엑스선 촬영장치,2
A11000,진단용 엑스선 장치,A11080.02,포터블 엑스선 촬영장치,2
A11000,진단용 엑스선 장치,A11090.01,이동형 디지털식 순환기용 엑스선 투시 진단장치,2
A11000,진단용 엑스선 장치,A11090.02,이동형 아날로그식 순환기용 엑스선 투시 진단장치,2
A11000,진단용 엑스선 장치,A11090.03,거치형 디지털식 순환기용 엑스선 투시 진단장치,2
A11000,진단용 엑스선 장치,A11090.04,거치형 아날로그식 순환기용 엑스선 투시 진단장치,2
A11000,진단용 엑스선 장치,A11100.01,전신용 엑스선 골밀도 측정기,3
A11000,진단용 엑스선 장치,A11100.02,부위 한정용 엑스선 골밀도 측정기,3
A11000,진단용 엑스선 장치,A11110.01,디지털 진단용 엑스선 촬영장치,2
A11000,진단용 엑스선 장치,A11110.02,이동형 디지털 진단용 엑스선 촬영장치,2
A11000,진단용 엑스선 장치,A11110.03,포터블 디지털 진단용 엑스선 촬영장치,2
A11000,진단용 엑스선 장치,A11110.04,디지털 치과 진단용 구강 내 엑스선 촬영장치,2
A11000,진단용 엑스선 장치,A11110.05,디지털 치과 진단용 구강 외 엑스선 촬영장치,2
A11000,진단용 엑스선 장치,A11110.06,디지털 치과 진단용 파노라마 엑스선 촬영장치,2
A11000,진단용 엑스선 장치,A11120.01,치과 진단용 구강 내 엑스선 촬영장치,2
A11000,진단용 엑스선 장치,A11120.02,치과 진단용 구강 외 엑스선 촬영장치,2
A11000,진단용 엑스선 장치,A11120.03,치과 진단용 엑스선 투시 촬영장치,2
A11000,진단용 엑스선 장치,A11120.04,치과 진단용 파노라마 엑스선 촬영장치,2
A11000,진단용 엑스선 장치,A11145.01,엑스선 간접 촬영용 카메라,1
A11000,진단용 엑스선 장치,A11150.01,산란 엑스선 제거용 그리드,1
A11000,진단용 엑스선 장치,A11150.02,산란 엑스선 제거용 운동 그리드,1
A11000,진단용 엑스선 장치,A11150.03,산란 엑스선 제거용 회전 그리드,1
A11000,진단용 엑스선 장치,A11160.01,수동식 방사선용 필름 카세트,1
A11000,진단용 엑스선 장치,A11160.02,자동식 엑스선 필름 카세트,1
A11000,진단용 엑스선 장치,A11160.03,광휘진성 형광판용 카세트,1
A11000,진단용 엑스선 장치,A11170.01,생검확인용 엑스선 촬영장치,2
A12000,비전리 진단 장치,A12010.01,초전도 자석식 전신용 자기공명 전산화 단층 촬영장치,2
A12000,비전리 진단 장치,A12010.02,초전도 자석식 부위 한정용 자기공명 전산화 단층 촬영장치,2
A12000,비전리 진단 장치,A12010.03,초전도 자석식 순환기용 자기공명 전산화 단층 촬영장치,2
A12000,비전리 진단 장치,A12010.04,초전도 자석식 유방용 자기공명 전산화 단층 촬영장치,2
A12000,비전리 진단 장치,A12010.05,상전도 자석식 부위 한정용 자기공명 전산화 단층 촬영장치,2
A12000,비전리 진단 장치,A12010.06,상전도 자석식 순환기용 자기공명 전산화 단층 촬영장치,2
A12000,비전리 진단 장치,A12010.07,상전도 자석식 유방용 자기공명 전산화 단층 촬영장치,2
A12000,비전리 진단 장치,A12010.08,상전도 자석식 전신용 자기공명 전산화 단층 촬영장치,2
A12000,비전리 진단 장치,A12010.09,영구 자석식 부위 한정용 자기공명 전산화 단층 촬영장치,2
A12000,비전리 진단 장치,A12010.10,영구 자석식 순환기용 자기공명 전산화 단층 촬영장치,2
A12000,비전리 진단 장치,A12010.11,영구 자석식 유방용 자기공명 전산화 단층 촬영장치,2
A12000,비전리 진단 장치,A12010.12,영구 자석식 전신용 자기공명 전산화 단층 촬영장치,2
A13000,방사선 진료 장치,A13010.01,양전자 방출·전산화 단층 촬영장치,2
A13000,방사선 진료 장치,A13010.02,양전자 방출·전산화 단층 엑스선 조합 촬영장치,2
A13000,방사선 진료 장치,A13020.01,치료용 하전입자 가속장치,3
A13000,방사선 진료 장치,A13030.01,치료용 중성자 조사장치,3
A13000,방사선 진료 장치,A13030.02,치료용 입자선 조사장치,3
A13000,방사선 진료 장치,A13030.03,붕소 중성자 포획용 중성자 조사장치,3
A13000,방사선 진료 장치,A13040.01,형광 스캐너,2
A13000,방사선 진료 장치,A13050.01,핵단층 촬영장치,2
A13000,방사선 진료 장치,A13060.01,방사성 핵종재 호흡장치,2
A13000,방사선 진료 장치,A13070.01,방사선 치료용 빔조정 블록,2
A13000,방사선 진료 장치,A13080.01,수동식 근접치료용 방사선 조사장치,3
A13000,방사선 진료 장치,A13090.01,원격 조정식 근접치료용 방사선 조사장치,3
A13000,방사선 진료 장치,A13100.01,원격 치료용 방사선 조사장치,3
A13000,방사선 진료 장치,A13110.01,감마 카메라,2
A13000,방사선 진료 장치,A13120.01,기능 검사용 방사선 측정장치,2
A13000,방사선 진료 장치,A13160.01,감마선 골밀도 측정기,2
A13000,방사선 진료 장치,A13170.01,단일광자 방출 전산화 단층 촬영장치,2
A13000,방사선 진료 장치,A13170.02,단일광자 방출 전산화 단층 엑스선 조합 촬영장치,2
A13000,방사선 진료 장치,A13180.01,치료용 엑스선 조사장치,3
A13000,방사선 진료 장치,A13190.01,치료용 방사선 모사장치,3
A13000,방사선 진료 장치,A13200.01,방사선 혈액 조사장치,3
A14000,의료용 필름 현상기,A14010.01,암실 의료용 필름 현상기,1
A14000,의료용 필름 현상기,A14010.02,명실 의료용 필름 현상기,1
A14000,의료용 필름 현상기,A14010.03,엑스선 롤 필름 현상기,1
A14000,의료용 필름 현상기,A14010.04,치과용 자동 현상기,1
A14000,의료용 필름 현상기,A14020.01,의료용 영상 출력기,1
A14000,의료용 필름 현상기,A14020.02,의료용 필름 출력기,1
A15000,방사선 장해 방어용 기구,A15010.01,방사선 방어용 앞치마,1
A15000,방사선 장해 방어용 기구,A15010.02,방사선 방어용 흉부 앞치마,1
A15000,방사선 장해 방어용 기구,A15020.01,방사선 방어용 장갑,1
A15000,방사선 장해 방어용 기구,A15020.02,손 방사선 방어기구,1
A15000,방사선 장해 방어용 기구,A15030.01,방사선 방어용 안경,1
A15000,방사선 장해 방어용 기구,A15030.02,안면 방사선 방어기구,1
A15000,방사선 장해 방어용 기구,A15030.03,방사선 방어용 이불,1
A15000,방사선 장해 방어용 기구,A15030.04,갑상선 방사선 방어용 기구,1
A15000,방사선 장해 방어용 기구,A15030.05,생식선 방사선 방어용 기구,1
A15000,방사선 장해 방어용 기구,A15030.06,방사선 방어용 커튼,1
A15000,방사선 장해 방어용 기구,A15030.07,흉부 X선 간접 촬영용 방어상자,1
A15000,방사선 장해 방어용 기구,A15040.01,방사선 방어용 칸막이,1
A15000,방사선 장해 방어용 기구,A15050.01,기타 방사선 방어용 기구,1
A15500,레이저 장해 방어용 기구,A15510.01,레이저 방어용 안경,1
A16000,이학 진료용 기구,A16010.01,저주파 자극기,2
A16000,이학 진료용 기구,A16010.02,간섭 전류형 저주파 자극기,2
A16000,이학 진료용 기구,A16010.03,경피성 통증완화 전기 자극장치,2
A16000,이학 진료용 기구,A16010.04,침전기 자극기,2
A16000,이학 진료용 기구,A16010.05,편두통완화 전기 자극장치,3
A16000,이학 진료용 기구,A16020.01,자외선 조사기,2
A16000,이학 진료용 기구,A16030.01,신생아 황달 치료용 광선 조사기,2
A16000,이학 진료용 기구,A16040.01,전위 발생기,2
A16000,이학 진료용 기구,A16050.01,적외선 조사기,2
A16000,이학 진료용 기구,A16060.01,고출력 광선 조사기,3
A16000,이학 진료용 기구,A16060.02,저출력 광선 조사기,2
A16000,이학 진료용 기구,A16060.03,펄스 광선 조사기,3
A16000,이학 진료용 기구,A16060.04,치아 미백용 광선 조사기,2
A16000,이학 진료용 기구,A16060.05,치아 미백 처치용 온열기,2
A16000,이학 진료용 기구,A16060.06,두부용 적외선 조사기,2
A16000,이학 진료용 기구,A16070.01,극초단파 자극기,2
A16000,이학 진료용 기구,A16080.01,초단파 자극기,2
A16000,이학 진료용 기구,A16085.01,고주파 자극기,3
A16000,이학 진료용 기구,A16090.01,초음파 자극기,2
A16000,이학 진료용 기구,A16100.01,파라핀 욕조,2
A16000,이학 진료용 기구,A16110.01,의료용 이온 도입기,2
A16000,이학 진료용 기구,A16120.01,의료용 증기 욕조,2
A16000,이학 진료용 기구,A16130.01,물요법 장치,2
A16000,이학 진료용 기구,A16150.01,의료용 온열기,2
A16000,이학 진료용 기구,A16160.01,의료용 극저온기,3
A16000,이학 진료용 기구,A16160.02,의료용 저온기,2
A16000,이학 진료용 기구,A16170.01,의료용 전기 충격기,3
A16000,이학 진료용 기구,A16180.01,항발작용 미주신경 전기 자극장치,3
A16000,이학 진료용 기구,A16180.02,심리요법용 뇌용 전기 자극장치,3
A16000,이학 진료용 기구,A16180.03,행동요법용 전기 자극장치,2
A16000,이학 진료용 기구,A16180.04,표면전극 기능식 근육 전기 자극장치,2
A16000,이학 진료용 기구,A16180.05,이식전극 기능식 근육 전기 자극장치,3
A16000,이학 진료용 기구,A16180.06,보행 신경근 전기 자극장치,2
A16000,이학 진료용 기구,A16180.07,연조직 전기 자극장치,2
A16000,이학 진료용 기구,A16180.08,비이식형 요실금 신경근 전기 자극장치,3
A16000,이학 진료용 기구,A16180.09,이식형 통증완화 전기 자극장치,4
A16000,이학 진료용 기구,A16180.10,이식형 말초신경 무통법 전기 자극장치,4
A16000,이학 진료용 기구,A16180.11,이식형 보행 신경근 전기 자극장치,4
A16000,이학 진료용 기구,A16180.12,이식형 요실금 신경근 전기 자극장치,4
A16000,이학 진료용 기구,A16180.13,정신요법용 미주신경 전기 자극장치,4
A16000,이학 진료용 기구,A16180.14,진동용 뇌 전기 자극장치,4
A16000,이학 진료용 기구,A16180.15,척주측만증 신경근 전기 자극장치,2
A16000,이학 진료용 기구,A16180.16,이식형 척주측만증 신경근 전기 자극장치,4
A16000,이학 진료용 기구,A16180.17,치과용 양측성 근 전기 자극장치,2
A16000,이학 진료용 기구,A16180.18,이식형 통증 제거용 전기 자극장치,4
A16000,이학 진료용 기구,A16180.19,혼수 각성용 미주신경 전기 자극장치,4
A16000,이학 진료용 기구,A16180.20,횡격신경 전기 자극장치,4
A16000,이학 진료용 기구,A16180.21,발작방지용 뇌 전기 자극장치,4
A16000,이학 진료용 기구,A16180.22,경조직 전기 자극장치,2
A16000,이학 진료용 기구,A16180.23,비침습적 무통증 신호 장치,2
A16000,이학 진료용 기구,A16180.24,말초혈관 자극기,2
A16000,이학 진료용 기구,A16180.25,이식형 시신경 전기 자극장치,4
A16000,이학 진료용 기구,A16185.01,체외 충격파 치료기,3
A16000,이학 진료용 기구,A16190.01,성기 동맥혈류 충전기,3
A16000,이학 진료용 기구,A16250.01,의료용 고주파 온열기,3
A16000,이학 진료용 기구,A16260.01,의료용 공명기,2
A16000,이학 진료용 기구,A16265.01,고막 자극기,3
A16000,이학 진료용 기구,A16270.01,2등급 의료용 조합 자극기,2
A16000,이학 진료용 기구,A16270.02,3등급 의료용 조합 자극기,3
A16000,이학 진료용 기구,A16270.03,4등급 의료용 조합 자극기,4
A16000,이학 진료용 기구,A16275.01,남성 성기 확대기,2
A16000,이학 진료용 기구,A16280.01,이식형 전기 자극장치용 전극,4
A17000,심혈관용 기계 기구,A17010.01,저출력 심장 충격기,3
A17000,심혈관용 기계 기구,A17010.02,고출력 심장 충격기,3
A17000,심혈관용 기계 기구,A17020.01,전동식 심폐 인공 소생기,3
A17000,심혈관용 기계 기구,A17030.01,경동맥동 신경 자극장치,4
A17000,심혈관용 기계 기구,A17040.01,원심분리방식 자동 혈액성분 분리장치,3
A17000,심혈관용 기계 기구,A17040.02,여과방식 자동 혈액성분 분리장치,3
A17000,심혈관용 기계 기구,A17050.01,혈액 농축기,2
A17000,심혈관용 기계 기구,A17060.01,자동 혈액회수 재주입장치,3
A17000,심혈관용 기계 기구,A17070.01,회전식 지혈대,2
A17000,심혈관용 기계 기구,A17080.01,지혈대,1
A17000,심혈관용 기계 기구,A17090.01,공압식 지혈대,2
A17000,심혈관용 기계 기구,A17090.02,지혈대 커프,1
A17000,심혈관용 기계 기구,A17100.01,사지압박 순환장치,2
A17000,심혈관용 기계 기구,A17110.01,위치조정 카테터 제어장치,2
A17000,심혈관용 기계 기구,A17120.01,생체신호 처리장치,2
A17000,심혈관용 기계 기구,A17120.02,원격 생체신호 처리장치,2
A17000,심혈관용 기계 기구,A17120.03,생체신호 증폭기,2
A17000,심혈관용 기계 기구,A17130.01,혈액용적 측정기,2
A17000,심혈관용 기계 기구,A17140.01,경피 혈중가스 분석기,2
A17000,심혈관용 기계 기구,A17140.02,피하 혈중가스 분석장치,2
A17000,심혈관용 기계 기구,A17140.03,자동 혈액성분 분리장치용 혈장 여과기,3
A17000,심혈관용 기계 기구,A17150.01,혈중 수소이온 농도 측정기,2
A17000,심혈관용 기계 기구,A17170.01,내장형 혈중가스 분석기,2
A17000,심혈관용 기계 기구,A17180.01,초음파 혈관 감시기,2
A17000,심혈관용 기계 기구,A17190.01,펄스 옥시미터,2
A17000,심혈관용 기계 기구,A17190.02,기능 검사 옥시미터,2
A17000,심혈관용 기계 기구,A17190.03,심장 내 옥시미터 모듈,2
A17000,심혈관용 기계 기구,A17190.04,원격 펄스 옥시미터,2
A17000,심혈관용 기계 기구,A17190.05,펄스 옥시미터 모듈,2
A17000,심혈관용 기계 기구,A17200.01,전자 혈류계,2
A17000,심혈관용 기계 기구,A17200.02,초음파 혈류계,2
A17000,심혈관용 기계 기구,A17200.03,레이저 혈류계,2
A17000,심혈관용 기계 기구,A17200.04,자기공명 혈류계,2
A17000,심혈관용 기계 기구,A17210.01,혈류량계,2
A17000,심혈관용 기계 기구,A17220.01,뇌 혈류계,3
A17000,심혈관용 기계 기구,A17230.01,열희석 심박출량계,2
A17000,심혈관용 기계 기구,A17230.02,임피던스 심박출량계,2
A17000,심혈관용 기계 기구,A17230.03,초음파 심박출량계,2
A17000,심혈관용 기계 기구,A17230.04,피크법 심박출량계,2
A17000,심혈관용 기계 기구,A17230.05,방사성 동위원소 심박출량계,2
A17000,심혈관용 기계 기구,A17230.06,색소희석 심박출량계,2
A17000,심혈관용 기계 기구,A17250.01,혈관 내 색전촉진용 보철재,3
A17000,심혈관용 기계 기구,A17250.02,중심순환계 혈관 내 색전촉진용 보철재,4
A17000,심혈관용 기계 기구,A17250.03,뇌혈관 내 색전촉진용 보철재,4
A17000,심혈관용 기계 기구,A17260.01,심혈관 내 여과기,4
A17000,심혈관용 기계 기구,A17260.02,색전 방어용 기구,4
A17000,심혈관용 기계 기구,A17270.01,안구 체적변동 기록계,2
A17000,심혈관용 기계 기구,A17280.01,이식형 심장충격기,4
A17000,심혈관용 기계 기구,A17290.01,이식형 심장충격기용 전극,4
A17000,심혈관용 기계 기구,A17300.01,혈관박리 카테터 장치,4
A17000,심혈관용 기계 기구,A17310.01,체외 광 면역 치료기,4
A17000,심혈관용 기계 기구,A17320.01,수동식 심폐소생술 보조기구,2
A18000,비뇨기과용 기계 기구,A18010.01,초음파 체외충격파 쇄석기,3
A18000,비뇨기과용 기계 기구,A18010.02,전기 체외충격파 쇄석기,3
A18000,비뇨기과용 기계 기구,A18020.01,엑스선 투시 체내 충격파 쇄석기,3
A18000,비뇨기과용 기계 기구,A18020.02,레이저 체내충격파 쇄석기,3
A18000,비뇨기과용 기계 기구,A18020.03,화약식 체내충격파 쇄석기,3
A18000,비뇨기과용 기계 기구,A18020.04,전기수압 체내 충격파 쇄석기,3
A18000,비뇨기과용 기계 기구,A18020.05,천공 체내 충격파 쇄석기,3
A18000,비뇨기과용 기계 기구,A18020.06,초음파 체내 충격파 쇄석기,3
A18000,비뇨기과용 기계 기구,A18020.07,압축파 쇄석기,3
A18000,비뇨기과용 기계 기구,A18030.01,분사식 신장결석 제거장치,2
A18000,비뇨기과용 기계 기구,A18040.01,이식형 전기 배뇨억제기,4
A18000,비뇨기과용 기계 기구,A18050.01,비이식형 전기 배뇨곤란 조절기,3
A18000,비뇨기과용 기계 기구,A18060.01,척수이식 배뇨장치,4
A18000,비뇨기과용 기계 기구,A18070.01,방광 내압계,2
A18000,비뇨기과용 기계 기구,A18080.01,일회용 소변 유량·용적 측정장치,1
A18000,비뇨기과용 기계 기구,A18080.02,재사용가능 소변 유량·용적 측정장치,1
A18000,비뇨기과용 기계 기구,A18090.01,전기 사정 유도기,3
A18000,비뇨기과용 기계 기구,A18100.01,체내 삽입형 괄약근 운동기,3
A18000,비뇨기과용 기계 기구,A18100.02,체외형 괄약근 운동기,2
A18000,비뇨기과용 기계 기구,A18110.01,요실금 방지용구,3
A18000,비뇨기과용 기계 기구,A18120.01,요실금 진단기,2
A19000,환자 운반차,A19010.01,수동식 휠체어,1
A19000,환자 운반차,A19010.02,상지 조정 전동식 휠체어,2
A19000,환자 운반차,A19010.03,휠체어 동력 보조장치,2
A19000,환자 운반차,A19010.04,수중 수동식 휠체어,1
A19000,환자 운반차,A19010.05,하지 조정 전동식 휠체어,2
A19000,환자 운반차,A19010.06,구강 조정 전동식 휠체어,2
A19000,환자 운반차,A19010.07,동작 인식 전동식 휠체어,2
A19000,환자 운반차,A19010.08,유·무선 조작 전동식 휠체어,2
A19000,환자 운반차,A19010.09,다기능 전동식 휠체어,2
A19000,환자 운반차,A19010.10,계단주행 전동식 휠체어,2
A19000,환자 운반차,A19010.11,궤도형 전동식 휠체어,2
A19000,환자 운반차,A19010.12,2등급 자율주행 전동식 휠체어,2
A19000,환자 운반차,A19010.13,3등급 자율주행 전동식 휠체어,3
A19000,환자 운반차,A19010.14,4등급 자율주행 전동식 휠체어,4
A19000,환자 운반차,A19010.15,음성인식 자율주행 전동식 휠체어,2
A19000,환자 운반차,A19010.16,추종형 자율주행 전동식 휠체어,2
A19000,환자 운반차,A19010.17,2등급 휠체어 자율주행 동력 보조장치,2
A19000,환자 운반차,A19010.18,3등급 휠체어 자율주행 동력 보조장치,3
A19000,환자 운반차,A19010.19,4등급 휠체어 자율주행 동력 보조장치,4
A19000,환자 운반차,A19020.01,수동식 환자 운반기,1
A19000,환자 운반차,A19020.02,전동식 환자 운반기,1
A19000,환자 운반차,A19030.01,수동식 환자 리프트,1
A19000,환자 운반차,A19030.02,전동식 환자 리프트,1
A19000,환자 운반차,A19040.01,의료용 스쿠터,2
A20000,청진기,A20010.01,기계식 청진기,1
A20000,청진기,A20010.02,전자 청진기,2
A20000,청진기,A20010.03,초음파 청진기,2
A20000,청진기,A20020.01,태아 청진기,1
A20000,청진기,A20030.01,식도 청진기,2
A21000,체온 측정용 기구,A21010.01,수은 모세관 체온계,1
A21000,체온 측정용 기구,A21010.02,알콜 모세관 체온계,1
A21000,체온 측정용 기구,A21010.03,전자 체온계,2
A21000,체온 측정용 기구,A21010.04,귀 적외선 체온계,2
A21000,체온 측정용 기구,A21010.05,피부 적외선 체온계,2
A21000,체온 측정용 기구,A21015.01,색조 표시식 체온계,1
A21000,체온 측정용 기구,A21020.01,장치형 액정 온도측정 기구,2
A21000,체온 측정용 기구,A21020.02,필름형 액정 온도측정 기구,1
A21000,체온 측정용 기구,A21030.01,의료용 적외선 촬영장치,2
A23000,혈압 검사 또는 맥파 검사용 기기,A23010.01,아네로이드식 혈압계,1
A23000,혈압 검사 또는 맥파 검사용 기기,A23010.02,수은주식 혈압계,1
A23000,혈압 검사 또는 맥파 검사용 기기,A23010.03,수동식 전자 혈압계,2
A23000,혈압 검사 또는 맥파 검사용 기기,A23010.04,자동 전자 혈압계,2
A23000,혈압 검사 또는 맥파 검사용 기기,A23010.05,다기능 전자 혈압계,2
A23000,혈압 검사 또는 맥파 검사용 기기,A23010.06,용적 보상식 혈압계,2
A23000,혈압 검사 또는 맥파 검사용 기기,A23010.07,장시간 혈압 기록장치,2
A23000,혈압 검사 또는 맥파 검사용 기기,A23010.08,혈압맥파 검사장치,2
A23000,혈압 검사 또는 맥파 검사용 기기,A23020.01,혈관 내 혈압계,2
A23000,혈압 검사 또는 맥파 검사용 기기,A23030.01,안저 혈압계,2
A23000,혈압 검사 또는 맥파 검사용 기기,A23035.01,혈압 감시기,2
A23000,혈압 검사 또는 맥파 검사용 기기,A23040.01,맥파계,2
A23000,혈압 검사 또는 맥파 검사용 기기,A23050.01,맥파 분석기,3
A23000,혈압 검사 또는 맥파 검사용 기기,A23060.01,혈압 검사용 커프,1
A25000,체액 분석기기,A25020.01,위산도 측정장치,1
A26000,내장 기능 검사용 기기,A26010.01,심전계,2
A26000,내장 기능 검사용 기기,A26010.02,다기능 심전계,2
A26000,내장 기능 검사용 기기,A26010.03,무선 심전계 시스템,2
A26000,내장 기능 검사용 기기,A26010.04,실시간 해석 심전계,2
A26000,내장 기능 검사용 기기,A26020.01,심전도 감시기,2
A26000,내장 기능 검사용 기기,A26030.01,벡터 심전계,2
A26000,내장 기능 검사용 기기,A26040.01,홀터 심전계,2
A26000,내장 기능 검사용 기기,A26050.01,부하 심전도 장치,2
A26000,내장 기능 검사용 기기,A26050.02,심박수 모니터,2
A26000,내장 기능 검사용 기기,A26060.01,진동 심전계,2
A26000,내장 기능 검사용 기기,A26070.01,심동도계,2
A26000,내장 기능 검사용 기기,A26080.01,심박수계,2
A26000,내장 기능 검사용 기기,A26080.02,맥박수계,2
A26000,내장 기능 검사용 기기,A26090.01,환자 감시장치,2
A26000,내장 기능 검사용 기기,A26090.02,모듈식 환자 감시장치,2
A26000,내장 기능 검사용 기기,A26090.03,환자 감시시스템 모듈,2
A26000,내장 기능 검사용 기기,A26090.04,생체신호 획득시스템,2
A26000,내장 기능 검사용 기기,A26090.05,신생아 감시장치,2
A26000,내장 기능 검사용 기기,A26100.01,환자 중앙 감시장치,2
A26000,내장 기능 검사용 기기,A26110.01,호흡 감시기,2
A26000,내장 기능 검사용 기기,A26110.02,개인용 체내 연속혈당 측정 시스템,3
A26000,내장 기능 검사용 기기,A26120.01,비관혈식 혈압 경보기,2
A26000,내장 기능 검사용 기기,A26120.02,관혈식 혈압 경보기,2
A26000,내장 기능 검사용 기기,A26130.01,기도압 감시기,2
A26000,내장 기능 검사용 기기,A26140.01,의료용 무선 캡슐장치,3
A26000,내장 기능 검사용 기기,A26150.01,뇌파계,2
A26000,내장 기능 검사용 기기,A26150.02,원격 측정식 뇌파계,2
A26000,내장 기능 검사용 기기,A26150.03,뇌파 분석기,2
A26000,내장 기능 검사용 기기,A26150.04,맵뇌파계,2
A26000,내장 기능 검사용 기기,A26150.05,뇌전증 알람,2
A26000,내장 기능 검사용 기기,A26150.06,장시간 뇌파 해석장치,2
A26000,내장 기능 검사용 기기,A26150.07,신경 감시장치,2
A26000,내장 기능 검사용 기기,A26160.01,뇌파신호 스펙트럼 분석기,2
A26000,내장 기능 검사용 기기,A26170.01,알파파 측정기,2
A26000,내장 기능 검사용 기기,A26180.01,심음계,2
A26000,내장 기능 검사용 기기,A26190.01,태아 심장 감시기,2
A26000,내장 기능 검사용 기기,A26200.01,태아 뇌파 측정기,3
A26000,내장 기능 검사용 기기,A26210.01,태아 심음 측정기,2
A26000,내장 기능 검사용 기기,A26220.01,태아 초음파 측정기,2
A26000,내장 기능 검사용 기기,A26230.01,분만 감시장치,2
A26000,내장 기능 검사용 기기,A26230.02,원격 측정식 분만 감시장치,2
A26000,내장 기능 검사용 기기,A26240.01,자궁 내 압력 감시기,2
A26000,내장 기능 검사용 기기,A26250.01,외부 자궁수축 감시기,2
A26000,내장 기능 검사용 기기,A26260.01,위장식도 운동 모니터,2
A26000,내장 기능 검사용 기기,A26270.01,의료용 다기능 측정 기록장치,2
A26000,내장 기능 검사용 기기,A26270.02,수면 평가장치,2
A26000,내장 기능 검사용 기기,A26280.01,유발반응 측정장치,2
A26000,내장 기능 검사용 기기,A26290.01,범용 유발성 응답용 자극장치,2
A26000,내장 기능 검사용 기기,A26290.02,청각 유발반응 자극장치,2
A26000,내장 기능 검사용 기기,A26290.03,안면신경 자극장치,2
A26000,내장 기능 검사용 기기,A26290.04,진단용 심장 전기 자극장치,2
A26000,내장 기능 검사용 기기,A26290.05,태아 청각 유발반응 자극장치,2
A26000,내장 기능 검사용 기기,A26290.06,청각 유발반응 측정장치,2
A26000,내장 기능 검사용 기기,A26300.01,침습형 의료용 역자극장치,3
A26000,내장 기능 검사용 기기,A26300.02,비침습형 의료용 역자극장치,2
A26000,내장 기능 검사용 기기,A26300.03,정량적 감각검사용 역자극장치,2
A26000,내장 기능 검사용 기기,A26310.01,두개 내 압력계,3
A26000,내장 기능 검사용 기기,A26310.02,두개내압 모니터,3
A26000,내장 기능 검사용 기기,A26320.01,흉강 내압계,2
A26000,내장 기능 검사용 기기,A26330.01,척수 압력계,2
A26000,내장 기능 검사용 기기,A26340.01,심자계,2
A26000,내장 기능 검사용 기기,A26340.02,뇌자계,2
A26000,내장 기능 검사용 기기,A26340.03,근자계,2
A26000,내장 기능 검사용 기기,A26350.01,전기 달팽이관계,2
A26000,내장 기능 검사용 기기,A26360.01,체강 음향 측정장치,2
A26000,내장 기능 검사용 기기,A26370.01,초음파 골밀도 측정장치,3
A26000,내장 기능 검사용 기기,A26380.01,범용 초음파 영상 진단장치,2
A26000,내장 기능 검사용 기기,A26380.02,두부용 초음파 영상 진단장치,2
A26000,내장 기능 검사용 기기,A26380.03,이동형 초음파 영상 진단장치,2
A26000,내장 기능 검사용 기기,A26380.04,산부인과용 초음파 영상 진단장치,2
A26000,내장 기능 검사용 기기,A26380.05,체내형 순환기용 초음파 영상 진단장치,3
A26000,내장 기능 검사용 기기,A26380.06,유방용 초음파 영상 진단장치,2
A26000,내장 기능 검사용 기기,A26380.07,안과용 초음파 영상 진단장치,2
A26000,내장 기능 검사용 기기,A26380.08,체외형 순환기용 초음파 영상 진단장치,2
A26000,내장 기능 검사용 기기,A26390.01,초음파 심장 조영장치,3
A26000,내장 기능 검사용 기기,A26400.01,초음파 뇌 조영장치,3
A26000,내장 기능 검사용 기기,A26410.01,초음파 도플러 진단장치,2
A26000,내장 기능 검사용 기기,A26420.01,초음파 펄스 진단장치,2
A26000,내장 기능 검사용 기기,A26420.02,초음파 방광용적 측정기,2
A26000,내장 기능 검사용 기기,A26430.01,의료영상 처리장치,1
A26000,내장 기능 검사용 기기,A26430.02,치과용 영상 처리장치,1
A26000,내장 기능 검사용 기기,A26430.04,의료영상 저장전송분석장치,2
A26000,내장 기능 검사용 기기,A26430.05,치과용 영상 저장전송장치,2
A26000,내장 기능 검사용 기기,A26430.06,의료영상 분석장치,2
A26000,내장 기능 검사용 기기,A26430.08,의료영상 획득장치,2
A26000,내장 기능 검사용 기기,A26430.09,치과영상 획득장치,2
A26000,내장 기능 검사용 기기,A26430.13,의료영상 진단 보조장치,3
A26000,내장 기능 검사용 기기,A26430.15,의료영상 검출 보조장치,2
A26000,내장 기능 검사용 기기,A26430.17,의료영상 저장전송장치,1
A26000,내장 기능 검사용 기기,A26440.01,정량적 전산화 단층촬영 골밀도 측정기,2
A26000,내장 기능 검사용 기기,A26450.01,의료용 형광 영상장치,2
A27000,호흡 기능 검사용 기기,A27010.01,진단 폐활량계,2
A27000,호흡 기능 검사용 기기,A27010.02,회전식 폐활량계,2
A27000,호흡 기능 검사용 기기,A27020.01,폐활량 감시장치,2
A27000,호흡 기능 검사용 기기,A27020.02,폐운동 부하 감시장치,2
A27000,호흡 기능 검사용 기기,A27030.01,최대 호흡률 측정기,2
A27000,호흡 기능 검사용 기기,A27040.01,비강 풍속계,2
A27000,호흡 기능 검사용 기기,A27050.01,성인용 폐기능 분석장치,2
A27000,호흡 기능 검사용 기기,A27050.02,소아용 폐기능 분석장치,2
A27000,호흡 기능 검사용 기기,A27060.01,재호흡기,1
A27000,호흡 기능 검사용 기기,A27070.01,흡입 공기압 측정기,2
A27000,호흡 기능 검사용 기기,A27080.01,산소 섭취량 계산기,2
A27000,호흡 기능 검사용 기기,A27090.01,폐 용적변동 측정기,2
A27000,호흡 기능 검사용 기기,A27100.01,호흡 저항계,2
A27000,호흡 기능 검사용 기기,A27110.01,호기가스 분석기,2
A27000,호흡 기능 검사용 기기,A27110.02,탄산가스 분석장치,2
A27000,호흡 기능 검사용 기기,A27110.03,일산화탄소가스 분석장치,2
A27000,호흡 기능 검사용 기기,A27110.04,수소가스 분석장치,2
A27000,호흡 기능 검사용 기기,A27110.05,일산화질소가스 분석장치,2
A27000,호흡 기능 검사용 기기,A27110.06,이산화질소가스 분석장치,2
A27000,호흡 기능 검사용 기기,A27120.01,폐 용적 측정기,3
A27000,호흡 기능 검사용 기기,A27130.01,무호흡 측정기,2
A27000,호흡 기능 검사용 기기,A27130.02,무호흡 알람,2
A27000,호흡 기능 검사용 기기,A27130.03,산소 가스 분석장치,2
A28000,검안용 기기,A28010.01,틈새등 현미경,1
A28000,검안용 기기,A28010.02,안과용 광학 현미경,1
A28000,검안용 기기,A28020.01,각막경,1
A28000,검안용 기기,A28030.01,검안용 굴절력 측정기,2
A28000,검안용 기기,A28040.01,수동식 검안용 굴절력 측정기,1
A28000,검안용 기기,A28050.01,의료용 입체경,1
A28000,검안용 기기,A28060.01,각막 곡률반경 측정기,2
A28000,검안용 기기,A28070.01,검영기,1
A28000,검안용 기기,A28080.01,각막 내피세포 촬영장치,2
A28000,검안용 기기,A28090.01,전안부 촬영장치,1
A28000,검안용 기기,A28090.02,전안부 촬영장치,2
A28000,검안용 기기,A28100.01,안저 카메라,2
A28000,검안용 기기,A28110.01,안구운동 감시장치,2
A28000,검안용 기기,A28120.01,검안경,1
A28000,검안용 기기,A28130.01,수동식 시야계,1
A28000,검안용 기기,A28130.02,자동 시야계,1
A28000,검안용 기기,A28130.03,평면 시야계,1
A28000,검안용 기기,A28140.01,시계조사 레이저장치,2
A28000,검안용 기기,A28150.01,검안용 광자극기,2
A28000,검안용 기기,A28160.01,입체시 측정기,1
A28000,검안용 기기,A28170.01,검안용 렌즈,1
A28000,검안용 기기,A28175.01,검안용 프리즘,1
A28000,검안용 기기,A28180.01,검안용 판부착 렌즈,1
A28000,검안용 기기,A28190.01,검안 렌즈 세트,1
A28000,검안용 기기,A28200.01,검안 렌즈 프레임,1
A28000,검안용 기기,A28210.01,동공계,2
A28000,검안용 기기,A28220.01,간이 색각 검사기,1
A28000,검안용 기기,A28220.02,색각 검사기,1
A28000,검안용 기기,A28220.03,광각 검사기,1
A28000,검안용 기기,A28220.04,명암 순응계,1
A28000,검안용 기기,A28230.01,비전원 안과용 금속 탐지기,1
A28000,검안용 기기,A28230.02,전원 안과용 금속 탐지기,2
A28000,검안용 기기,A28240.01,쉬머 스트립,1
A28000,검안용 기기,A28250.01,망막 전위계,2
A28000,검안용 기기,A28260.01,안진계,2
A28000,검안용 기기,A28270.01,안압계,2
A28000,검안용 기기,A28280.01,안구 가압기,2
A28000,검안용 기기,A28290.01,홍채 촬영기,2
A28000,검안용 기기,A28290.02,홍채촬영 및 분석기,2
A28000,검안용 기기,A28290.03,망막촬영 및 보조 진단장치,3
A28000,검안용 기기,A28300.01,영상 시력 측정기,1
A28000,검안용 기기,A28300.02,광학적 시력 측정기,2
A28000,검안용 기기,A28300.03,대비감도 측정기,1
A29000,청력 검사용 기기,A29010.01,청력 검사기,2
A29000,청력 검사용 기기,A29010.02,순음 청력 검사기,2
A29000,청력 검사용 기기,A29010.03,수동식 청력 검사기,2
A29000,청력 검사용 기기,A29010.04,자동기록 청력 검사기,2
A29000,청력 검사용 기기,A29010.05,컴퓨터제어 청력 검사기,2
A29000,청력 검사용 기기,A29010.06,어음용 청력 검사기,2
A29000,청력 검사용 기기,A29010.07,타각식 청력 검사기,2
A29000,청력 검사용 기기,A29020.01,임피던스 청력 검사기,2
A29000,청력 검사용 기기,A29030.01,청력 검사용 전기잡음 발생기,2
A29000,청력 검사용 기기,A29030.02,시각강화 청력 검사기,2
A29000,청력 검사용 기기,A29040.01,의료용 소리굽쇠,1
A30000,지각 및 신체 진단용 기구,A30010.01,근전도계,2
A30000,지각 및 신체 진단용 기구,A30010.02,원격 측정방식 근전계,2
A30000,지각 및 신체 진단용 기구,A30020.01,진단용 근육 자극기,2
A30000,지각 및 신체 진단용 기구,A30030.01,신경전도 속도 측정기,2
A30000,지각 및 신체 진단용 기구,A30040.01,피부 전위 측정기,2
A30000,지각 및 신체 진단용 기구,A30050.01,갈바닉 피부응답 측정기,2
A30000,지각 및 신체 진단용 기구,A30050.02,국소 마취부위 신경 자극기,2
A30000,지각 및 신체 진단용 기구,A30060.01,신경 자극 탐색기,2
A30000,지각 및 신체 진단용 기구,A30070.01,난관 소통 진료장치,2
A30000,지각 및 신체 진단용 기구,A30080.01,의료용 바이오 피드백장치,2
A30000,지각 및 신체 진단용 기구,A30090.01,회음질압 측정기,2
A30000,지각 및 신체 진단용 기구,A30100.01,진동 감각 측정장치,2
A30000,지각 및 신체 진단용 기구,A30110.01,보행 분석계,1
A30000,지각 및 신체 진단용 기구,A30120.01,성 기능 측정기,2
A30000,지각 및 신체 진단용 기구,A30120.02,휴대용 성 기능 측정기,2
A30000,지각 및 신체 진단용 기구,A30130.01,운동성 시험평가장치,2
A30000,지각 및 신체 진단용 기구,A30140.01,경직성 분석기,2
A30000,지각 및 신체 진단용 기구,A30150.01,운동 실조 묘화기,1
A30000,지각 및 신체 진단용 기구,A30160.01,시치계,2
A30000,지각 및 신체 진단용 기구,A30170.01,수동식 의료용 압통계,1
A30000,지각 및 신체 진단용 기구,A30170.02,전기식 의료용 압통계,2
A30000,지각 및 신체 진단용 기구,A30180.01,의료용 악력계,1
A30000,지각 및 신체 진단용 기구,A30190.01,치과용 교합력계,1
A30000,지각 및 신체 진단용 기구,A30200.01,의료용 두드림 진단기,1
A30000,지각 및 신체 진단용 기구,A30210.01,의료용 전동 반사망치,1
A30000,지각 및 신체 진단용 기구,A30220.01,의료용 핀 톱니바퀴,1
A30000,지각 및 신체 진단용 기구,A30230.01,의료용 압력계,2
A30000,지각 및 신체 진단용 기구,A30230.02,치과 임플란트 동요도 측정장치,2
A30000,지각 및 신체 진단용 기구,A30230.03,식도 내 압력계,2
A30000,지각 및 신체 진단용 기구,A30230.04,근막 내 압력계,2
A30000,지각 및 신체 진단용 기구,A30230.05,자궁 내 압력계,2
A30000,지각 및 신체 진단용 기구,A30230.06,경막외강 압력계,2
A30000,지각 및 신체 진단용 기구,A30240.01,수동식 지각계,1
A30000,지각 및 신체 진단용 기구,A30240.02,전기식 지각계,2
A30000,지각 및 신체 진단용 기구,A30250.01,미각계,2
A30000,지각 및 신체 진단용 기구,A30260.01,치수 진단기,2
A30000,지각 및 신체 진단용 기구,A30270.01,전류식 치아 우식증 탐지기,2
A30000,지각 및 신체 진단용 기구,A30270.02,광학식 치아 우식 진단장치,2
A30000,지각 및 신체 진단용 기구,A30280.01,치과용 근관 길이 측정기,2
A30000,지각 및 신체 진단용 기구,A30290.01,치과용 교합음 측정기,2
A30000,지각 및 신체 진단용 기구,A30300.01,피부저항 측정기,2
A30000,지각 및 신체 진단용 기구,A30300.02,피부저항 측정 분석기,2
A30000,지각 및 신체 진단용 기구,A30310.01,전기 성문 측정기,2
A30000,지각 및 신체 진단용 기구,A30320.02,임피던스 체지방 측정기,2
A30000,지각 및 신체 진단용 기구,A30330.01,피부 색도계,2
A30000,지각 및 신체 진단용 기구,A30330.02,치아색상 측정기,1
A30000,지각 및 신체 진단용 기구,A30340.01,이명 적응용 잡음 발생기,2
A30000,지각 및 신체 진단용 기구,A30350.01,신경 인지기능 검사기,2
A30000,지각 및 신체 진단용 기구,A30360.01,태음 수신 및 음성 전달기구,3
A30000,지각 및 신체 진단용 기구,A30370.01,시청각 신경 자극기,3
A30000,지각 및 신체 진단용 기구,A30380.01,비침습적 자가 형광 측정기,2
A30000,지각 및 신체 진단용 기구,A30390.01,후각 검사기구,2
A31000,의료용 경,A31010.01,내시경용 연결기,1
A31000,의료용 경,A31010.02,재사용가능 내시경 흡인기,1
A31000,의료용 경,A31010.03,일회용 내시경 흡인기,2
A31000,의료용 경,A31010.04,재사용가능 내시경 결석 흡인기,1
A31000,의료용 경,A31010.05,일회용 내시경 결석 흡인기,2
A31000,의료용 경,A31010.06,재사용가능 내시경 결석 적출기,1
A31000,의료용 경,A31010.07,일회용 내시경 결석 적출기,2
A31000,의료용 경,A31010.08,내시경 결찰기구,1
A31000,의료용 경,A31010.09,내시경 기자,1
A31000,의료용 경,A31010.10,내시경 박리자,1
A31000,의료용 경,A31010.11,내시경용 능동 절제기구,2
A31000,의료용 경,A31010.12,재사용가능 내시경 생검브러쉬,1
A31000,의료용 경,A31010.13,일회용 내시경 생검 브러쉬,2
A31000,의료용 경,A31010.14,재사용가능 내시경 올가미,1
A31000,의료용 경,A31010.15,일회용 내시경 올가미,2
A31000,의료용 경,A31010.16,재사용가능 내시경 생검용 기구,1
A31000,의료용 경,A31010.17,일회용 내시경 생검용 기구,2
A31000,의료용 경,A31010.18,내시경 전동식 생검용 기구,2
A31000,의료용 경,A31010.19,내시경용 자,1
A31000,의료용 경,A31010.20,전동식 내시경 칼,2
A31000,의료용 경,A31010.21,수동식 내시경 칼,1
A31000,의료용 경,A31010.22,재사용가능 내시경 캐뉼러,1
A31000,의료용 경,A31010.23,일회용 내시경 캐뉼러,2
A31000,의료용 경,A31010.24,재사용가능 내시경 확장기,1
A31000,의료용 경,A31010.25,일회용 내시경 확장기,2
A31000,의료용 경,A31010.26,재사용가능 내시경 가위,1
A31000,의료용 경,A31010.27,일회용 내시경 가위,2
A31000,의료용 경,A31010.28,전동식 내시경 가위,2
A31000,의료용 경,A31010.29,재사용가능 내시경 겸자,1
A31000,의료용 경,A31010.30,일회용 내시경 겸자,2
A31000,의료용 경,A31010.31,전동식 내시경 겸자,2
A31000,의료용 경,A31010.32,재사용 범용 내시경기구,1
A31000,의료용 경,A31010.33,일회용 범용 내시경기구,2
A31000,의료용 경,A31010.34,재사용가능 내시경 스펀지 겸자,1
A31000,의료용 경,A31010.35,일회용 내시경 스펀지 겸자,2
A31000,의료용 경,A31010.36,재사용가능 내시경 주사침,1
A31000,의료용 경,A31010.37,일회용 내시경 주사침,2
A31000,의료용 경,A31010.38,재사용가능 내시경 투관침,1
A31000,의료용 경,A31010.39,일회용 내시경 투관침,2
A31000,의료용 경,A31010.40,중추신경계용 내시경 겸자,4
A31000,의료용 경,A31010.41,심내막심근용 내시경 겸자,4
A31000,의료용 경,A31020.01,체외형 의료용 카메라,1
A31000,의료용 경,A31020.02,체내형 의료용 카메라,2
A31000,의료용 경,A31020.03,의료용 카메라 헤드,1
A31000,의료용 경,A31020.04,입체 광학 인상 채득 장치,2
A31000,의료용 경,A31020.05,구강용 카메라,1
A31000,의료용 경,A31030.01,의료용 현미경,1
A31000,의료용 경,A31040.01,콜포스코프,1
A31000,의료용 경,A31050.01,내시경용 현미경,1
A31000,의료용 경,A31060.01,치경,1
A31000,의료용 경,A31070.01,머리 반사경,1
A31000,의료용 경,A31080.01,의료 내시경용 개인 영상 표시장치,1
A31000,의료용 경,A31090.01,초음파 내시경,2
A31000,의료용 경,A31090.02,경성 구강경,2
A31000,의료용 경,A31090.03,연성 구강경,2
A31000,의료용 경,A31090.04,비디오 연성 구강경,2
A31000,의료용 경,A31090.05,경성 부비강경,2
A31000,의료용 경,A31090.06,연성 부비강경,2
A31000,의료용 경,A31090.07,비디오 연성 부비강경,2
A31000,의료용 경,A31090.08,경성 상악동경,2
A31000,의료용 경,A31090.09,연성 상악동경,2
A31000,의료용 경,A31090.10,경성 성형외과용 내시경,2
A31000,의료용 경,A31090.11,연성 성형외과용 내시경,2
A31000,의료용 경,A31090.12,비디오 연성 성형외과용 내시경,2
A31000,의료용 경,A31090.13,경성 인두 편도경,2
A31000,의료용 경,A31090.14,경성 요관신우경,2
A31000,의료용 경,A31090.15,연성 요관신우경,2
A31000,의료용 경,A31090.16,비디오 연성 요관신우경,2
A31000,의료용 경,A31090.17,경성 요추경,4
A31000,의료용 경,A31090.18,연성 요추경,4
A31000,의료용 경,A31090.19,비디오 연성 요추경,4
A31000,의료용 경,A31090.20,경성 유관경,2
A31000,의료용 경,A31090.21,연성 유관경,2
A31000,의료용 경,A31090.22,비디오 연성 유관경,2
A31000,의료용 경,A31090.23,경성 척수경,4
A31000,의료용 경,A31090.24,연성 척수경,4
A31000,의료용 경,A31090.25,비디오 연성 척수경,4
A31000,의료용 경,A31090.26,경성 척추경,4
A31000,의료용 경,A31090.27,연성 척추경,4
A31000,의료용 경,A31090.28,비디오 연성 척추경,4
A31000,의료용 경,A31090.29,경성 흉강경,2
A31000,의료용 경,A31090.30,연성 흉강경,2
A31000,의료용 경,A31090.31,비디오 연성 흉강경,2
A31000,의료용 경,A31090.32,근막하 절제술용 내시경,2
A31000,의료용 경,A31090.33,연성 동맥경,4
A31000,의료용 경,A31090.34,비디오 연성 동맥경,4
A31000,의료용 경,A31090.35,비디오 연성 상박동경,2
A31000,의료용 경,A31090.36,연성 혈관경,4
A31000,의료용 경,A31090.37,비디오 연성 혈관경,4
A31000,의료용 경,A31090.38,안과용 내시경,2
A31000,의료용 경,A31090.39,경성 누도경,2
A31000,의료용 경,A31090.40,연성 누도경,2
A31000,의료용 경,A31090.41,비디오 연성 누도경,2
A31000,의료용 경,A31090.42,의료 내시경,2
A31000,의료용 경,A31090.43,비디오 경성 흉강경,2
A31000,의료용 경,A31090.44,의료용 캡슐 내시경,2
A31000,의료용 경,A31100.01,경성 후두경,1
A31000,의료용 경,A31100.02,연성 후두경,2
A31000,의료용 경,A31100.03,비디오 연성 후두경,2
A31000,의료용 경,A31100.04,후두 성능검사 시스템,2
A31000,의료용 경,A31100.05,연성 삽입관용 후두경,2
A31000,의료용 경,A31100.06,비디오 연성 삽관용 후두경,2
A31000,의료용 경,A31100.07,비디오 경성 후두경,2
A31000,의료용 경,A31100.08,일회용 경성 삽입관용 후두경,2
A31000,의료용 경,A31100.09,비디오 경성 삽관용 후두경,2
A31000,의료용 경,A31100.10,재사용 경성 삽입관용 후두경,1
A31000,의료용 경,A31110.01,경성 기관지경,2
A31000,의료용 경,A31110.02,연성 기관지경,2
A31000,의료용 경,A31110.03,비디오 연성 기관지경,2
A31000,의료용 경,A31110.04,초음파 연성 기관지경,2
A31000,의료용 경,A31110.05,비디오 경성 기관지경,2
A31000,의료용 경,A31120.01,경성 식도경,2
A31000,의료용 경,A31120.02,연성 식도경,2
A31000,의료용 경,A31120.03,비디오 연성 식도경,2
A31000,의료용 경,A31120.04,비디오 경성 식도경,2
A31000,의료용 경,A31130.01,경성 종격경,2
A31000,의료용 경,A31130.02,연성 종격경,2
A31000,의료용 경,A31130.03,비디오 연성 종격경,2
A31000,의료용 경,A31130.04,비디오 경성 종격경,2
A31000,의료용 경,A31140.01,경성 관절경,2
A31000,의료용 경,A31140.02,연성 관절경,2
A31000,의료용 경,A31140.03,비디오 연성 관절경,2
A31000,의료용 경,A31150.01,총담도경,2
A31000,의료용 경,A31160.01,경성 항문경,2
A31000,의료용 경,A31160.02,연성 항문경,2
A31000,의료용 경,A31160.03,항문 괄약근경,2
A31000,의료용 경,A31170.01,결장경,2
A31000,의료용 경,A31170.02,연성 대장경,2
A31000,의료용 경,A31170.03,비디오 연성 대장경,2
A31000,의료용 경,A31170.04,초음파 연성 대장경,2
A31000,의료용 경,A31180.01,경성 방광경,2
A31000,의료용 경,A31180.02,연성 방광경,2
A31000,의료용 경,A31180.03,비디오 연성 방광경,2
A31000,의료용 경,A31190.01,경성 위내시경,2
A31000,의료용 경,A31190.02,연성 위내시경,2
A31000,의료용 경,A31190.03,비디오 연성 위내시경,2
A31000,의료용 경,A31190.04,연성 십이지장경,2
A31000,의료용 경,A31190.05,비디오 연성 십이지장경,2
A31000,의료용 경,A31190.06,초음파 연성 십이지장경,2
A31000,의료용 경,A31190.07,연성 소장경,2
A31000,의료용 경,A31190.08,비디오 연성 소장경,2
A31000,의료용 경,A31200.01,경성 방광 요도경,2
A31000,의료용 경,A31200.02,연성 방광 요도경,2
A31000,의료용 경,A31200.03,비디오 연성 방광 요도경,2
A31000,의료용 경,A31210.01,경성 직장경,2
A31000,의료용 경,A31210.02,수술용 직장경,2
A31000,의료용 경,A31220.01,절제경,2
A31000,의료용 경,A31230.01,경성 요관경,2
A31000,의료용 경,A31230.02,연성 요관경,2
A31000,의료용 경,A31240.01,경성 신우경,2
A31000,의료용 경,A31240.02,연성 신우경,2
A31000,의료용 경,A31240.03,비디오 연성 신우경,2
A31000,의료용 경,A31250.01,경성 S자형 결장경,2
A31000,의료용 경,A31250.02,연성 S자형 결장경,2
A31000,의료용 경,A31250.03,비디오 연성 S자형 결장경,2
A31000,의료용 경,A31260.01,경성 골반강경,2
A31000,의료용 경,A31260.02,연성 골반강경,2
A31000,의료용 경,A31260.03,비디오 연성 골반강경,2
A31000,의료용 경,A31260.04,경성 골반경,2
A31000,의료용 경,A31270.01,경성 요도경,2
A31000,의료용 경,A31270.02,연성 요도경,2
A31000,의료용 경,A31270.03,비디오 연성 요도경,2
A31000,의료용 경,A31280.01,경성 자궁경,2
A31000,의료용 경,A31280.02,연성 자궁경,2
A31000,의료용 경,A31280.03,비디오 연성 자궁경,2
A31000,의료용 경,A31280.04,경성 난관경,2
A31000,의료용 경,A31280.05,연성 난관경,2
A31000,의료용 경,A31280.06,비디오 연성 난관경,2
A31000,의료용 경,A31290.01,경성 복강경,2
A31000,의료용 경,A31290.02,연성 복강경,2
A31000,의료용 경,A31290.03,비디오 연성 복강경,2
A31000,의료용 경,A31290.04,초음파 경성 복강경,2
A31000,의료용 경,A31290.05,초음파 연성 복강경,2
A31000,의료용 경,A31290.06,비디오 경성 복강경,2
A31000,의료용 경,A31300.01,경복벽 양수경,2
A31000,의료용 경,A31310.01,경성 코인두경,2
A31000,의료용 경,A31310.02,연성 코인두경,2
A31000,의료용 경,A31310.03,비디오 연성 코인두경,2
A31000,의료용 경,A31310.04,경성 비강경,2
A31000,의료용 경,A31310.05,연성 비강경,2
A31000,의료용 경,A31310.06,비디오 연성 비강경,2
A31000,의료용 경,A31310.07,경성 비인후경,2
A31000,의료용 경,A31310.08,연성 비인후경,2
A31000,의료용 경,A31310.09,비디오 연성 비인후경,2
A31000,의료용 경,A31320.01,식도-위-십이지장경,2
A31000,의료용 경,A31320.02,초음파 식도-위-십이지장경,2
A31000,의료용 경,A31330.01,담도 췌장경,2
A31000,의료용 경,A31340.01,경자궁 내시경,2
A31000,의료용 경,A31350.01,경성 신경 내시경,4
A31000,의료용 경,A31350.02,연성 신경 내시경,4
A31000,의료용 경,A31350.03,비디오 연성 신경 내시경,4
A31000,의료용 경,A31350.04,일회용 경성 신경 내시경,4
A31000,의료용 경,A31360.01,경성 귀 내시경,1
A31000,의료용 경,A31360.02,연성 귀 내시경,1
A31000,의료용 경,A31360.03,비디오 연성 귀 내시경,2
A31000,의료용 경,A31360.04,경성 고막경,1
A31000,의료용 경,A31370.01,경성 인두경,1
A31000,의료용 경,A31370.02,연성 인두경,1
A31000,의료용 경,A31370.03,비디오 연성 인두경,2
A31000,의료용 경,A31380.01,의료용 거울,1
A33000,조직 가공기,A33010.01,수동식 피부 절제기,1
A33000,조직 가공기,A33010.02,전동식 피부 절제기,2
A33000,조직 가공기,A33020.01,식피 확장기,2
A34000,의료용 정온기,A34010.01,의료용기 챔버,1
A34000,의료용 정온기,A34040.01,의료용 가온기,2
A34000,의료용 정온기,A34040.02,전자파 의료용 가온기,2
A34000,의료용 정온기,A34040.03,복막 관류액용 가온기,2
A34000,의료용 정온기,A34050.01,혈액 냉장고,2
A34000,의료용 정온기,A34050.02,의약품 냉장고,1
A34000,의료용 정온기,A34060.01,혈액 냉동고,2
A34000,의료용 정온기,A34060.02,의약품 냉동고,1
A34000,의료용 정온기,A34070.01,냉동 혈액 처리장치,2
A34000,의료용 정온기,A34080.01,혈액 보관 챔버,2
A34000,의료용 정온기,A34090.01,의료용 냉동장치,2
A34000,의료용 정온기,A34100.01,이식용 장기 보관기구,2
A34000,의료용 정온기,A34100.02,장관용 백,2
A34000,의료용 정온기,A34110.01,적출 신장 관류 운송장치,2
A34000,의료용 정온기,A34120.01,의약품 정온기,2
A35000,전기 및 기타 수술 장치,A35010.01,범용 전기 수술기,3
A35000,전기 및 기타 수술 장치,A35010.02,내시경용 전기 수술기,3
A35000,전기 및 기타 수술 장치,A35010.03,안과용 전기 수술기,3
A35000,전기 및 기타 수술 장치,A35010.04,치과용 전기 수술기,3
A35000,전기 및 기타 수술 장치,A35020.01,의료용 전기 소작기,3
A35000,전기 및 기타 수술 장치,A35025.01,일회용 손조절식 전기 수술기용 전극,2
A35000,전기 및 기타 수술 장치,A35025.02,재사용가능 손조절식 전기 수술기용 전극,2
A35000,전기 및 기타 수술 장치,A35025.03,일회용 발조절식 전기 수술기용 전극,2
A35000,전기 및 기타 수술 장치,A35025.04,재사용가능 발조절식 전기 수술기용 전극,2
A35000,전기 및 기타 수술 장치,A35025.05,탈모기용 바늘형 전극,2
A35000,전기 및 기타 수술 장치,A35025.06,탈모기용 핀셋 전극,2
A35000,전기 및 기타 수술 장치,A35025.07,전기 수술장치용 핸드피스,2
A35000,전기 및 기타 수술 장치,A35030.01,의료용 열 소작기,3
A35000,전기 및 기타 수술 장치,A35040.01,의료용 고주파 열상 발생기,3
A35000,전기 및 기타 수술 장치,A35050.01,의료용 고주파 열상 온도 감시기,2
A35000,전기 및 기타 수술 장치,A35060.01,초자체 흡인 절단기,3
A35000,전기 및 기타 수술 장치,A35070.01,안과용 전해장치,3
A35000,전기 및 기타 수술 장치,A35080.01,수정체 절단장치,3
A35000,전기 및 기타 수술 장치,A35090.01,의료용 광응고기,3
A35000,전기 및 기타 수술 장치,A35100.01,초음파 수술기,3
A35000,전기 및 기타 수술 장치,A35100.02,고강도 집속형 초음파 수술기,3
A35000,전기 및 기타 수술 장치,A35100.03,집속형 초음파 자극 시스템,3
A35000,전기 및 기타 수술 장치,A35100.04,일회용 초음파 수술기용 핸드피스,2
A35000,전기 및 기타 수술 장치,A35100.05,재사용가능 초음파 수술기용 핸드피스,2
A35000,전기 및 기타 수술 장치,A35100.06,플라즈마 전기 수술기,3
A35000,전기 및 기타 수술 장치,A35110.01,극초단파 수술기,3
A35000,전기 및 기타 수술 장치,A35120.01,바늘형 탈모기,3
A35000,전기 및 기타 수술 장치,A35130.01,핀셋형 탈모기,3
A36000,냉동 수술 장치,A36010.01,냉동 수술기,3
A36000,냉동 수술 장치,A36010.02,안과용 냉동 수술기,3
A36000,냉동 수술 장치,A36020.01,냉동 수술기용 프로브,2
A37000,레이저 진료기,A37010.01,탄산가스 레이저 수술기,3
A37000,레이저 진료기,A37010.02,색소 레이저 수술기,3
A37000,레이저 진료기,A37010.03,아르곤 레이저 수술기,3
A37000,레이저 진료기,A37010.04,엔디야그 레이저 수술기,3
A37000,레이저 진료기,A37010.05,크립톤 레이저 수술기,3
A37000,레이저 진료기,A37010.06,루비 레이저 수술기,3
A37000,레이저 진료기,A37010.07,구리증기 레이저 수술기,3
A37000,레이저 진료기,A37010.08,알렉산드라이트 레이저 수술기,3
A37000,레이저 진료기,A37010.09,홀뮴야그 레이저 수술기,3
A37000,레이저 진료기,A37010.10,반도체 레이저 수술기,3
A37000,레이저 진료기,A37010.11,기타 레이저 수술기,3
A37000,레이저 진료기,A37020.01,의료용 레이저 조사기,3
A37000,레이저 진료기,A37030.01,안과용 아르곤 레이저 수술기,3
A37000,레이저 진료기,A37030.02,안과용 엔디야그 레이저 수술기,3
A37000,레이저 진료기,A37030.03,안과용 크립톤 레이저 수술기,3
A37000,레이저 진료기,A37030.04,안과용 반도체 레이저 수술기,3
A37000,레이저 진료기,A37030.05,안과용 홀뮴야그 레이저 수술기,3
A37000,레이저 진료기,A37030.06,기타 안과용 레이저 수술기,3
A38000,결찰기 및 봉합기,A38010.01,재사용가능 의료용 봉합기,1
A38000,결찰기 및 봉합기,A38010.02,일회용 의료용 봉합기,2
A38000,결찰기 및 봉합기,A38010.03,비흡수성 봉합사 의료용 봉합기,3
A38000,결찰기 및 봉합기,A38010.04,흡수성 봉합사 의료용 봉합기,4
A38000,결찰기 및 봉합기,A38020.01,재사용가능 의료용 결찰기,1
A38000,결찰기 및 봉합기,A38020.02,일회용 의료용 결찰기,2
A38000,결찰기 및 봉합기,A38020.03,재사용가능 제대 결찰기,1
A38000,결찰기 및 봉합기,A38020.04,일회용 제대 결찰기,2
A38000,결찰기 및 봉합기,A38020.05,식도 정맥 결찰기,1
A38000,결찰기 및 봉합기,A38020.06,요실금 거상기,1
A38000,결찰기 및 봉합기,A38030.01,치질 결찰기,2
A38000,결찰기 및 봉합기,A38040.01,의료용 봉합 유지기,1
A38000,결찰기 및 봉합기,A38070.01,의료용 결찰사 수송기 및 운반기,1
A38000,결찰기 및 봉합기,A38080.01,의료 결찰 안내기,1
A38000,결찰기 및 봉합기,A38090.01,코용 클립,1
A38000,결찰기 및 봉합기,A38090.02,일회용 피부 클립,2
A38000,결찰기 및 봉합기,A38090.03,재사용가능 두피 클립,1
A38000,결찰기 및 봉합기,A38090.04,일회용 두피 클립,2
A38000,결찰기 및 봉합기,A38090.05,의료기구용 클립,1
A38000,결찰기 및 봉합기,A38090.06,의료용 일반 클립,2
A38000,결찰기 및 봉합기,A38090.07,체내지혈용 클립,2
A38000,결찰기 및 봉합기,A38090.08,소혈관용 이식형 클립,3
A38000,결찰기 및 봉합기,A38090.09,동맥류용 이식형 클립,4
A38000,결찰기 및 봉합기,A38090.10,뇌동맥류용 이식형 클립,4
A38000,결찰기 및 봉합기,A38090.11,흡수성 이식용 클립,4
A38000,결찰기 및 봉합기,A38090.12,비흡수성 이식용 클립,3
A38000,결찰기 및 봉합기,A38170.01,피부용 멸균 스태플,2
A38000,결찰기 및 봉합기,A38170.02,비흡수성 체내용 스태플,3
A38000,결찰기 및 봉합기,A38170.03,흡수성 체내용 스태플,4
A38000,결찰기 및 봉합기,A38170.04,대정맥용 이식형 클립,4
A38000,결찰기 및 봉합기,A38190.01,재사용가능 혈관류용 클립기구,1
A38000,결찰기 및 봉합기,A38190.02,재사용가능 지혈용 클립기구,1
A38000,결찰기 및 봉합기,A38190.03,일회용 지혈용 클립용 기구,2
A38000,결찰기 및 봉합기,A38200.01,일반 스태플용 기구,1
A38000,결찰기 및 봉합기,A38200.02,재사용가능 수술용 스태플용 기구,1
A38000,결찰기 및 봉합기,A38200.03,일회용 수술용 스태플용 기구,2
A38000,결찰기 및 봉합기,A38200.04,스태플 제거기,1
A38000,결찰기 및 봉합기,A38210.01,클립형 배꼽 폐색기,2
A38000,결찰기 및 봉합기,A38210.02,줄형 배꼽 폐색기,2
A38000,결찰기 및 봉합기,A38210.03,테이프형 배꼽 폐색기,2
A38000,결찰기 및 봉합기,A38220.01,태아두피용 바늘형 전극,2
A38000,결찰기 및 봉합기,A38220.02,태아두피용 클립형 전극,2
A38000,결찰기 및 봉합기,A38230.01,포피 제거기,2
A38000,결찰기 및 봉합기,A38240.01,위 내 식욕억제용 밴드,4
A38000,결찰기 및 봉합기,A38250.01,체내용 봉합 유지기,3
A39000,의료용 흡인기,A39010.01,수동식 의료용 흡인기,1
A39000,의료용 흡인기,A39010.02,전동식 의료용 흡인기,2
A39000,의료용 흡인기,A39010.03,지방 흡인기,2
A39000,의료용 흡인기,A39010.04,범용 수술용 관류 흡인기,2
A39000,의료용 흡인기,A39010.05,안과용 관류 흡인기,2
A39000,의료용 흡인기,A39010.06,혈전 흡인기,2
A39000,의료용 흡인기,A39010.07,코용 관류 흡인장치,2
A39000,의료용 흡인기,A39010.08,확장용 의료용 흡인기,2
A39000,의료용 흡인기,A39020.01,분만용 흡인기,2
A39000,의료용 흡인기,A39030.01,의료용 저압 지속 흡인기,2
A39000,의료용 흡인기,A39030.02,흉강 흡인기,2
A39000,의료용 흡인기,A39050.01,수동식 모유 착유기,1
A39000,의료용 흡인기,A39050.02,전동식 모유 착유기,2
A39000,의료용 흡인기,A39050.03,수동식 함몰유두 교정기,1
A39000,의료용 흡인기,A39050.04,전동식 함몰유두 교정기,2
A39000,의료용 흡인기,A39060.01,골 시멘트 모노머 증기 흡인기,1
A39000,의료용 흡인기,A39070.01,자궁경부(내막) 흡인기,2
A40000,기흉기 및 기복기,A40010.01,기흉기,2
A40000,기흉기 및 기복기,A40020.01,기복기,2
A40000,기흉기 및 기복기,A40030.01,자궁 확장기,2
A41000,의료용 칼,A41010.01,재사용가능 수동식 의료용 칼,1
A41000,의료용 칼,A41010.02,일회용 수동식 의료용 칼,2
A41000,의료용 칼,A41010.03,재사용가능 안과용 칼,1
A41000,의료용 칼,A41010.04,일회용 안과용 칼,2
A41000,의료용 칼,A41010.05,재사용가능 수정체주머니 절개용 칼,1
A41000,의료용 칼,A41010.06,일회용 수정체주머니 절개용 칼,2
A41000,의료용 칼,A41010.07,재사용가능 치과용 칼,1
A41000,의료용 칼,A41010.08,일회용 치과용 칼,2
A41000,의료용 칼,A41010.09,전동식 의료용 칼,2
A41000,의료용 칼,A41010.10,수압식 의료용 칼,2
A42000,의료용 가위,A42010.01,재사용가능 수동식 의료용 가위,1
A42000,의료용 가위,A42010.02,일회용 수동식 의료용 가위,2
A42000,의료용 가위,A42010.03,재사용가능 안과용 가위,1
A42000,의료용 가위,A42010.04,일회용 안과용 가위,2
A42000,의료용 가위,A42010.05,재사용가능 치과용 가위,1
A42000,의료용 가위,A42010.06,일회용 치과용 가위,2
A42000,의료용 가위,A42010.07,전동식 의료용 가위,2
A43000,의료용 큐렛,A43010.01,재사용가능 수동식 의료용 큐렛,1
A43000,의료용 큐렛,A43010.02,일회용 수동식 의료용 큐렛,2
A43000,의료용 큐렛,A43010.03,재사용가능 안과용 큐렛,1
A43000,의료용 큐렛,A43010.04,일회용 안과용 큐렛,2
A43000,의료용 큐렛,A43010.05,재사용가능 치과용 큐렛,1
A43000,의료용 큐렛,A43010.06,일회용 치과용 큐렛,2
A43000,의료용 큐렛,A43010.07,전동식 의료용 큐렛,2
A43000,의료용 큐렛,A43010.08,전동식 치과용 큐렛,2
A44000,의료용 클램프,A44010.01,재사용가능 대동맥 클램프,1
A44000,의료용 클램프,A44010.02,일회용 대동맥 클램프,2
A44000,의료용 클램프,A44010.03,재사용가능 동맥 클램프,1
A44000,의료용 클램프,A44010.04,일회용 동맥 클램프,2
A44000,의료용 클램프,A44010.05,재사용가능 경동맥 클램프,1
A44000,의료용 클램프,A44010.06,일회용경동맥클램프,2
A44000,의료용 클램프,A44010.07,재사용가능 혈관 클램프,1
A44000,의료용 클램프,A44010.08,일회용 혈관 클램프,2
A44000,의료용 클램프,A44010.09,재사용가능 기관지 클램프,1
A44000,의료용 클램프,A44010.10,일회용 기관지 클램프,2
A44000,의료용 클램프,A44010.11,재사용가능 치핵 클램프,1
A44000,의료용 클램프,A44010.12,일회용 치핵 클램프,2
A44000,의료용 클램프,A44010.13,재사용가능 직장 클램프,1
A44000,의료용 클램프,A44010.14,일회용 직장 클램프,2
A44000,의료용 클램프,A44010.15,재사용가능 장관 클램프,1
A44000,의료용 클램프,A44010.16,일회용 장관 클램프,2
A44000,의료용 클램프,A44010.17,재사용가능 안과용 클램프,1
A44000,의료용 클램프,A44010.18,일회용 안과용 클램프,2
A44000,의료용 클램프,A44010.19,재사용가능 요실금용 클램프,1
A44000,의료용 클램프,A44010.20,일회용 요실금용 클램프,2
A44000,의료용 클램프,A44010.21,재사용가능 머리뼈 클램프,1
A44000,의료용 클램프,A44010.22,재사용가능 음경 클램프,1
A44000,의료용 클램프,A44010.23,일회용 음경 클램프,2
A44000,의료용 클램프,A44010.24,재사용가능 음경 포피 클램프,1
A44000,의료용 클램프,A44010.25,일회용 음경 포피 클램프,2
A44000,의료용 클램프,A44010.26,재사용가능 골 클램프,1
A44000,의료용 클램프,A44010.27,일회용 골 클램프,2
A44000,의료용 클램프,A44010.28,재사용가능 범용 수동식 의료용 클램프,1
A44000,의료용 클램프,A44010.29,일회용 범용 수동식 의료용 클램프,2
A44000,의료용 클램프,A44010.30,범용 전동식 의료용 클램프,2
A45000,의료용 겸자,A45010.01,재사용가능 범용 수동식 의료용 핀셋,1
A45000,의료용 겸자,A45010.02,일회용 범용 수동식 의료용 핀셋,2
A45000,의료용 겸자,A45010.03,전동식 의료용 핀셋,2
A45000,의료용 겸자,A45010.04,치과 교합지용 핀셋,1
A45000,의료용 겸자,A45010.05,치과 치료용 핀셋,1
A45000,의료용 겸자,A45020.01,재사용가능 의료용 겸자,1
A45000,의료용 겸자,A45020.02,일회용 의료용 겸자,2
A45000,의료용 겸자,A45020.03,전동식 의료용 겸자,1
A45000,의료용 겸자,A45020.04,결석 제거용 겸자,1
A45000,의료용 겸자,A45020.05,골 겸자,1
A45000,의료용 겸자,A45020.06,재사용가능 안과용 겸자,1
A45000,의료용 겸자,A45020.07,발치용 겸자,1
A45000,의료용 겸자,A45020.08,교정용 겸자,1
A45000,의료용 겸자,A45020.09,치근 제거용 겸자,1
A45000,의료용 겸자,A45020.10,크라운 제거용 겸자,1
A45000,의료용 겸자,A45020.11,일회용 안과용 겸자,2
A45000,의료용 겸자,A45020.12,인공 수정체 삽입기구,2
A46000,의료용 톱,A46010.01,수동식 의료용 톱,1
A46000,의료용 톱,A46010.02,전동식 의료용 톱,2
A46000,의료용 톱,A46020.01,수동식 의료용 석고 절단기,1
A46000,의료용 톱,A46020.02,전동식 의료용 석고 절단기,2
A46000,의료용 톱,A46020.03,공압식 의료용 석고 절단기,2
A47000,의료용 끌,A47010.01,수동식 의료용 끌,1
A47000,의료용 끌,A47010.02,전동식 의료용 끌,2
A47000,의료용 끌,A47020.01,수동식 절골기,1
A47000,의료용 끌,A47020.02,전동식 절골기,2
A48000,의료용 박리자,A48010.01,수동식 의료용 기자,1
A48000,의료용 박리자,A48010.02,크라운 제거용 기자,1
A48000,의료용 박리자,A48010.03,전동식 의료용 기자,2
A48000,의료용 박리자,A48010.04,치과용 기자,1
A48000,의료용 박리자,A48020.01,수동식 골막 박리기,1
A48000,의료용 박리자,A48020.02,전동식 골막 박리기,2
A48000,의료용 박리자,A48030.01,수동식 의료용 스트리퍼,1
A48000,의료용 박리자,A48030.02,전동식 의료용 스트리퍼,2
A48000,의료용 박리자,A48040.01,수동식 요도 박리기,1
A48000,의료용 박리자,A48040.02,전동식 요도 박리기,2
A48000,의료용 박리자,A48050.01,재사용가능 조직 박리기,1
A48000,의료용 박리자,A48050.02,일회용 조직 박리기,2
A49000,의료용 망치,A49010.01,수동식 의료용 망치,1
A49000,의료용 망치,A49010.02,전동식 의료용 망치,2
A50000,의료용 줄,A50010.01,수동식 의료용 줄,1
A50000,의료용 줄,A50010.02,전동식 의료용 줄,2
A50000,의료용 줄,A50010.03,치과 근관 치료용 줄,1
A51000,의료용 레버,A51010.01,수동식 의료용 레버,1
A51000,의료용 레버,A51010.02,전동식 의료용 레버,2
A52000,의료용 올가미,A52010.01,수동식 의료용 올가미,1
A52000,의료용 올가미,A52010.02,전동식 의료용 올가미,2
A53000,주사침 및 천자 침,A53010.01,비멸균 주사침,1
A53000,주사침 및 천자 침,A53010.02,멸균 주사침,2
A53000,주사침 및 천자 침,A53010.03,재사용가능 담관 조영침,1
A53000,주사침 및 천자 침,A53010.04,일회용 담관 조영침,2
A53000,주사침 및 천자 침,A53010.05,재사용가능 동맥 주사침,1
A53000,주사침 및 천자 침,A53010.06,일회용 동맥 주사침,2
A53000,주사침 및 천자 침,A53010.07,헤파린 사용 동맥 주사침,3
A53000,주사침 및 천자 침,A53010.08,재사용가능 여과기 부착침,1
A53000,주사침 및 천자 침,A53010.09,일회용 여과기 부착침,2
A53000,주사침 및 천자 침,A53010.10,일회용 안과용 침,2
A53000,주사침 및 천자 침,A53010.11,치과용 주사침,2
A53000,주사침 및 천자 침,A53010.12,척수마취용 침,3
A53000,주사침 및 천자 침,A53010.13,경막외 투여용 침,3
A53000,주사침 및 천자 침,A53010.14,재사용가능 안과용 침,1
A53000,주사침 및 천자 침,A53020.01,재사용가능 봉합침,1
A53000,주사침 및 천자 침,A53020.02,일회용 봉합침,2
A53000,주사침 및 천자 침,A53020.03,재사용가능 안과용 봉합침,1
A53000,주사침 및 천자 침,A53020.04,동맥류 봉합침,1
A53000,주사침 및 천자 침,A53020.05,일회용 안과용 봉합침,2
A53000,주사침 및 천자 침,A53030.01,재사용가능 채혈침,1
A53000,주사침 및 천자 침,A53030.02,일회용 채혈침,2
A53000,주사침 및 천자 침,A53040.01,재사용가능 천자침,1
A53000,주사침 및 천자 침,A53040.02,일회용 천자침,2
A53000,주사침 및 천자 침,A53040.03,일회용 마취용 천자침,3
A53000,주사침 및 천자 침,A53040.04,재사용가능 요추 천자도구 한 벌,1
A53000,주사침 및 천자 침,A53040.05,일회용 요추 천자도구 한 벌,2
A53000,주사침 및 천자 침,A53040.06,재사용가능 요추 천자침,1
A53000,주사침 및 천자 침,A53040.07,일회용 요추 천자침,2
A53000,주사침 및 천자 침,A53040.08,재사용가능 흉막복막침,1
A53000,주사침 및 천자 침,A53040.09,일회용 흉막복막침,2
A53000,주사침 및 천자 침,A53050.01,재사용가능 투관침,1
A53000,주사침 및 천자 침,A53050.02,일회용 투관침,2
A53000,주사침 및 천자 침,A53060.01,재사용가능 생검침,1
A53000,주사침 및 천자 침,A53060.02,일회용생검침,2
A53000,주사침 및 천자 침,A53060.03,골수생검 도구 한 벌,2
A53000,주사침 및 천자 침,A53060.04,신장생검 도구 한 벌,2
A53000,주사침 및 천자 침,A53060.05,폐생검 도구 한 벌,2
A53000,주사침 및 천자 침,A53060.06,뇌생검 도구 한 벌,2
A53000,주사침 및 천자 침,A53070.01,재사용가능 수동 랜싯,1
A53000,주사침 및 천자 침,A53070.02,일회용 수동 랜싯,2
A53000,주사침 및 천자 침,A53070.03,재사용가능 자동 랜싯,1
A53000,주사침 및 천자 침,A53070.04,일회용 자동 랜싯,2
A54000,주사기,A54010.01,주사기,2
A54000,주사기,A54010.02,유리 주사기,1
A54000,주사기,A54020.01,분사식 주사기,2
A54000,주사기,A54030.01,카트리지형 주사기,2
A54000,주사기,A54040.01,세정용 주사기,1
A54000,주사기,A54050.01,치과용 주사기,1
A54000,주사기,A54060.01,필터 주사기,2
A54000,주사기,A54070.01,인슐린 주사기,2
A54000,주사기,A54080.01,재사용 방지형 주사기,2
A55000,"의료용 천자기, 천착기 및 천공기",A55010.01,수동식 재사용가능 의료용 천자기,1
A55000,"의료용 천자기, 천착기 및 천공기",A55010.02,수동식 일회용 의료용 천자기,2
A55000,"의료용 천자기, 천착기 및 천공기",A55010.03,전동식 의료용 천자기,2
A55000,"의료용 천자기, 천착기 및 천공기",A55020.01,수동식 재사용 의료용 천공기,1
A55000,"의료용 천자기, 천착기 및 천공기",A55020.02,수동식 일회용 의료용 천공기,2
A55000,"의료용 천자기, 천착기 및 천공기",A55020.03,전동식 의료용 천공기,2
A55000,"의료용 천자기, 천착기 및 천공기",A55030.01,수동식 재사용가능 의료용 핸드피스,1
A55000,"의료용 천자기, 천착기 및 천공기",A55030.02,수동식 일회용 의료용 핸드피스,2
A55000,"의료용 천자기, 천착기 및 천공기",A55030.03,전동식 의료용 핸드피스,2
A55000,"의료용 천자기, 천착기 및 천공기",A55030.04,전동식 치과용 핸드피스,2
A55000,"의료용 천자기, 천착기 및 천공기",A55030.05,공기 압축식 치과용 핸드피스,2
A55000,"의료용 천자기, 천착기 및 천공기",A55030.06,치과 외과용 핸드피스,2
A55000,"의료용 천자기, 천착기 및 천공기",A55030.08,전동식 안과용 핸드피스,2
A55000,"의료용 천자기, 천착기 및 천공기",A55030.09,공기 압축식 의료용 핸드피스,2
A55000,"의료용 천자기, 천착기 및 천공기",A55030.10,전동식 일회용 의료용 핸드피스,2
A55000,"의료용 천자기, 천착기 및 천공기",A55040.01,수동식 의료용 치석 제거기,1
A55000,"의료용 천자기, 천착기 및 천공기",A55040.02,전동식 의료용 치석 제거기,2
A55000,"의료용 천자기, 천착기 및 천공기",A55040.03,치과용 초음파 치석 제거기,2
A55000,"의료용 천자기, 천착기 및 천공기",A55040.04,치과 치석 제거기용 팁,1
A55000,"의료용 천자기, 천착기 및 천공기",A55050.01,의료용 절삭 기구,1
A55000,"의료용 천자기, 천착기 및 천공기",A55050.02,치과 연마용 브러쉬,1
A55000,"의료용 천자기, 천착기 및 천공기",A55050.03,치과 연마용 휠,1
A55000,"의료용 천자기, 천착기 및 천공기",A55050.04,치과 연삭용 스트립,1
A55000,"의료용 천자기, 천착기 및 천공기",A55050.05,치과용 회전 연마기,1
A55000,"의료용 천자기, 천착기 및 천공기",A55050.06,치마컵,1
A55000,"의료용 천자기, 천착기 및 천공기",A55050.07,재사용가능 안과용 절삭 기구,1
A55000,"의료용 천자기, 천착기 및 천공기",A55050.08,일회용 안과용 절삭 기구,2
A55000,"의료용 천자기, 천착기 및 천공기",A55060.01,각막 절삭기,3
A55000,"의료용 천자기, 천착기 및 천공기",A55070.01,공압 분사 연삭기,2
A55000,"의료용 천자기, 천착기 및 천공기",A55070.02,치과용 공압 분사 연삭기,2
A55000,"의료용 천자기, 천착기 및 천공기",A55080.01,의료용 삭피 장치,3
A55000,"의료용 천자기, 천착기 및 천공기",A55090.01,핸드피스 동력 전달 기구,1
A56000,개창 또는 개공용 기구,A56010.01,재사용가능 수동식 의료용 개창 기구,1
A56000,개창 또는 개공용 기구,A56010.02,전동식 의료용 개창 기구,2
A56000,개창 또는 개공용 기구,A56010.03,일회용 수동식 의료용 개창 기구,2
A56000,개창 또는 개공용 기구,A56020.01,의료용 개공 기구,1
A56000,개창 또는 개공용 기구,A56020.02,구강 개구기,1
A56000,개창 또는 개공용 기구,A56020.03,개구 유지기,1
A56000,개창 또는 개공용 기구,A56020.04,개안기,1
A56000,개창 또는 개공용 기구,A56020.05,이경,1
A56000,개창 또는 개공용 기구,A56020.06,비경,1
A56000,개창 또는 개공용 기구,A56020.07,재사용가능 질경,1
A56000,개창 또는 개공용 기구,A56020.08,직장 개구기,1
A56000,개창 또는 개공용 기구,A56020.09,자궁 개구기,1
A56000,개창 또는 개공용 기구,A56020.10,일회용 질경,2
A57000,의료용 취관 및 체액 유도관,A57010.01,회장루용 튜브·카테터,1
A57000,의료용 취관 및 체액 유도관,A57020.01,단기 사용 위장관용 튜브·카테터,2
A57000,의료용 취관 및 체액 유도관,A57020.02,단기 사용 식도정맥류 지혈용 튜브,2
A57000,의료용 취관 및 체액 유도관,A57020.03,단기 사용 위장관용 급식튜브,2
A57000,의료용 취관 및 체액 유도관,A57020.04,식도용 풍선 카테터,2
A57000,의료용 취관 및 체액 유도관,A57020.05,식도정맥류 경화요법용 내시경 고정용 풍선 카테터,2
A57000,의료용 취관 및 체액 유도관,A57020.06,식도정맥류 경화요법용 지혈 카테터,2
A57000,의료용 취관 및 체액 유도관,A57020.07,위 내 배설 용튜브,2
A57000,의료용 취관 및 체액 유도관,A57020.08,위 내 식욕 억제용 풍선,2
A57000,의료용 취관 및 체액 유도관,A57020.09,위장 세정용 튜브·카테터,2
A57000,의료용 취관 및 체액 유도관,A57020.10,하부 위장관 조영용 카테터,2
A57000,의료용 취관 및 체액 유도관,A57020.11,장관 감압용 튜브,2
A57000,의료용 취관 및 체액 유도관,A57020.12,장관용 풍선 카테터,2
A57000,의료용 취관 및 체액 유도관,A57020.13,상부 소화관용 풍선 카테터,2
A57000,의료용 취관 및 체액 유도관,A57020.14,장기 사용 위장관용 튜브·카테터,3
A57000,의료용 취관 및 체액 유도관,A57020.15,장기 사용 식도정맥류 지혈용 튜브,3
A57000,의료용 취관 및 체액 유도관,A57020.16,장기 사용 위장관용 급식 튜브,3
A57000,의료용 취관 및 체액 유도관,A57020.17,직장용 튜브·카테터,2
A57000,의료용 취관 및 체액 유도관,A57020.18,압력 측정 풍선 카테터,2
A57000,의료용 취관 및 체액 유도관,A57030.01,단기 사용 기관·기관지용 튜브·카테터,2
A57000,의료용 취관 및 체액 유도관,A57030.02,단기 사용 환기용 기관용 튜브,2
A57000,의료용 취관 및 체액 유도관,A57030.03,장기 사용 기관·기관지용 튜브·카테터,3
A57000,의료용 취관 및 체액 유도관,A57030.04,장기 사용 환기용 기관용 튜브,3
A57000,의료용 취관 및 체액 유도관,A57030.05,기관지용 풍선 카테터,2
A57000,의료용 취관 및 체액 유도관,A57030.06,일회용 기관 절개 튜브,2
A57000,의료용 취관 및 체액 유도관,A57030.07,재사용가능 기관 절개 튜브,2
A57000,의료용 취관 및 체액 유도관,A57030.08,폐표면 활성제 투여 카테터,2
A57000,의료용 취관 및 체액 유도관,A57040.01,단기 사용 담관용 튜브·카테터,2
A57000,의료용 취관 및 체액 유도관,A57040.02,담관용 압측정용 카테터,2
A57000,의료용 취관 및 체액 유도관,A57040.03,담관 조영용 카테터,2
A57000,의료용 취관 및 체액 유도관,A57040.04,담관 확장용 튜브·카테터,2
A57000,의료용 취관 및 체액 유도관,A57040.05,장기 사용 담관용 튜브·카테터,3
A57000,의료용 취관 및 체액 유도관,A57040.06,담관 결석 제거용 풍선 카테터,2
A57000,의료용 취관 및 체액 유도관,A57050.01,비뇨기과용 치골 상부 튜브·카테터,2
A57000,의료용 취관 및 체액 유도관,A57050.02,비뇨기과용 경피 카테터,2
A57000,의료용 취관 및 체액 유도관,A57060.01,비뇨기과용 범용 튜브·카테터,2
A57000,의료용 취관 및 체액 유도관,A57060.02,요관 결석 제거용 튜브·카테터,2
A57000,의료용 취관 및 체액 유도관,A57060.03,요관용 카테터,2
A57000,의료용 취관 및 체액 유도관,A57060.04,비뇨기용 항생제 코팅 카테터,3
A57000,의료용 취관 및 체액 유도관,A57060.05,요로내압측정용카테터,2
A57000,의료용 취관 및 체액 유도관,A57060.06,여성요도조영용카테터,2
A57000,의료용 취관 및 체액 유도관,A57070.01,일회용산소투여용튜브·카테터,1
A57000,의료용 취관 및 체액 유도관,A57070.02,재사용가능산소투여용 튜브·카테터,1
A57000,의료용 취관 및 체액 유도관,A57080.01,흡인 취관,1
A57000,의료용 취관 및 체액 유도관,A57090.01,흡인용 튜브·카테터,1
A57000,의료용 취관 및 체액 유도관,A57090.02,지방 흡인용 카테터,2
A57000,의료용 취관 및 체액 유도관,A57110.01,심폐 수술용 혈관 튜브·카테터,4
A57000,의료용 취관 및 체액 유도관,A57110.02,헤파린 사용 심폐 수술용 혈관 튜브·카테터,4
A57000,의료용 취관 및 체액 유도관,A57110.03,폐동맥 카테터,4
A57000,의료용 취관 및 체액 유도관,A57120.01,개심술용 튜브·카테터,4
A57000,의료용 취관 및 체액 유도관,A57120.02,헤파린 사용 개심술용 튜브·카테터,4
A57000,의료용 취관 및 체액 유도관,A57120.03,심실용 심장 카테터,4
A57000,의료용 취관 및 체액 유도관,A57120.04,심장 순환기용 풍선 카테터,4
A57000,의료용 취관 및 체액 유도관,A57120.05,헤파린 사용 심장 순환기용 풍선 카테터,4
A57000,의료용 취관 및 체액 유도관,A57130.01,혈관 내 튜브·카테터,2
A57000,의료용 취관 및 체액 유도관,A57130.02,유로키나제 사용 혈관 내 튜브·카테터,3
A57000,의료용 취관 및 체액 유도관,A57130.03,헤파린 사용 혈관 내 튜브·카테터,3
A57000,의료용 취관 및 체액 유도관,A57130.04,혈관 내 가이딩용 카테터,2
A57000,의료용 취관 및 체액 유도관,A57130.05,혈관 조영용 카테터,2
A57000,의료용 취관 및 체액 유도관,A57130.06,의약품 투여 혈관 조영용 카테터,3
A57000,의료용 취관 및 체액 유도관,A57130.07,헤파린 사용 의약품 투여 혈관 조영용 카테터,4
A57000,의료용 취관 및 체액 유도관,A57130.08,비중심 순환계 동맥 카테터,2
A57000,의료용 취관 및 체액 유도관,A57130.09,중심순환계 동맥 카테터,4
A57000,의료용 취관 및 체액 유도관,A57130.10,헤파린 사용 중심순환계 동맥 카테터,4
A57000,의료용 취관 및 체액 유도관,A57130.11,비중심순환계 동맥 마이크로플로우용 카테터,2
A57000,의료용 취관 및 체액 유도관,A57130.12,중심순환계 동맥 마이크로플로우용 카테터,4
A57000,의료용 취관 및 체액 유도관,A57130.13,비중심순환계 트랜스듀서 부착 카테터,2
A57000,의료용 취관 및 체액 유도관,A57130.14,중심순환계 트랜스듀서 부착 카테터,4
A57000,의료용 취관 및 체액 유도관,A57130.15,헤파린 사용 중심순환계 트랜스듀서 부착 카테터,4
A57000,의료용 취관 및 체액 유도관,A57130.16,비중심순환계 색전 제거용 카테터,2
A57000,의료용 취관 및 체액 유도관,A57130.17,중심순환계 색전 제거용 카테터,4
A57000,의료용 취관 및 체액 유도관,A57130.18,풍선확장식 혈관 성형술용 카테터,4
A57000,의료용 취관 및 체액 유도관,A57130.19,레이저식 혈관 성형술용 카테터,4
A57000,의료용 취관 및 체액 유도관,A57130.20,풍선 확장식 밸브 성형술용 카테터,4
A57000,의료용 취관 및 체액 유도관,A57130.21,풍선 확장식 관상동맥 성형술용 카테터,4
A57000,의료용 취관 및 체액 유도관,A57130.22,스네어용 카테터,2
A57000,의료용 취관 및 체액 유도관,A57130.23,중심순환계 혈관 처치용 튜브·카테터,4
A57000,의료용 취관 및 체액 유도관,A57130.24,비중심순환계 혈관 내 초음파 카테터,3
A57000,의료용 취관 및 체액 유도관,A57130.25,중심순환계 혈관 내 초음파 카테터,4
A57000,의료용 취관 및 체액 유도관,A57130.26,관상동맥 성형술용 카테터,4
A57000,의료용 취관 및 체액 유도관,A57130.27,마이크로 카테터,3
A57000,의료용 취관 및 체액 유도관,A57130.28,광파이버 옥시미트리용 카테터,4
A57000,의료용 취관 및 체액 유도관,A57130.29,헤파린 사용 광파이버 옥시미트리용 카테터,4
A57000,의료용 취관 및 체액 유도관,A57130.30,비중심순환계 폐색술용 혈관 내 카테터,2
A57000,의료용 취관 및 체액 유도관,A57130.31,중심순환계 폐색술용 혈관 내 카테터,4
A57000,의료용 취관 및 체액 유도관,A57130.32,풍선 확장식 가열형 혈관 성형술용 카테터,4
A57000,의료용 취관 및 체액 유도관,A57130.33,일회용 벌룬 펌핑용 카테터,4
A57000,의료용 취관 및 체액 유도관,A57130.34,말초 혈관용 혈관 내 카테터,2
A57000,의료용 취관 및 체액 유도관,A57130.35,박리용 순환기 카테터,4
A57000,의료용 취관 및 체액 유도관,A57130.36,산소포화도 측정기용 풍선 부착 카테터,4
A57000,의료용 취관 및 체액 유도관,A57130.37,헤파린 사용 산소포화도 측정기용 풍선 부착 카테터,4
A57000,의료용 취관 및 체액 유도관,A57130.38,관상동맥용 주입용 카테터,4
A57000,의료용 취관 및 체액 유도관,A57130.39,뇌내 관류용 카테터,4
A57000,의료용 취관 및 체액 유도관,A57130.40,중심순환계 혈관 내 가이딩용 카테터,4
A57000,의료용 취관 및 체액 유도관,A57140.01,범용 카테터 캐뉼러,2
A57000,의료용 취관 및 체액 유도관,A57140.02,동맥 캐뉼러,2
A57000,의료용 취관 및 체액 유도관,A57140.03,헤파린 사용 동맥 캐뉼러,3
A57000,의료용 취관 및 체액 유도관,A57140.04,관상동맥 캐뉼러,4
A57000,의료용 취관 및 체액 유도관,A57140.05,헤파린 사용 관상동맥 캐뉼러,4
A57000,의료용 취관 및 체액 유도관,A57140.06,대퇴 동정맥 캐뉼러,2
A57000,의료용 취관 및 체액 유도관,A57140.07,헤파린 사용 대퇴 동정맥 캐뉼러,3
A57000,의료용 취관 및 체액 유도관,A57140.08,대정맥 캐뉼러,4
A57000,의료용 취관 및 체액 유도관,A57140.09,헤파린 사용 대정맥 캐뉼러,4
A57000,의료용 취관 및 체액 유도관,A57140.10,정맥 캐뉼러,2
A57000,의료용 취관 및 체액 유도관,A57140.11,헤파린 사용 정맥 캐뉼러,3
A57000,의료용 취관 및 체액 유도관,A57140.12,대동맥 캐뉼러,4
A57000,의료용 취관 및 체액 유도관,A57140.13,헤파린 사용 대동맥 캐뉼러,4
A57000,의료용 취관 및 체액 유도관,A57140.14,심실 캐뉼러,4
A57000,의료용 취관 및 체액 유도관,A57140.15,헤파린 사용 심실 캐뉼러,4
A57000,의료용 취관 및 체액 유도관,A57140.16,관상정맥동 캐뉼러,4
A57000,의료용 취관 및 체액 유도관,A57140.17,헤파린 사용 관상정맥동 캐뉼러,4
A57000,의료용 취관 및 체액 유도관,A57140.18,재사용가능 기관지 캐뉼러,2
A57000,의료용 취관 및 체액 유도관,A57150.01,혈관 폐색 용카테터,4
A57000,의료용 취관 및 체액 유도관,A57160.01,중격 절개용 카테터,4
A57000,의료용 취관 및 체액 유도관,A57170.01,방향성 카테터,2
A57000,의료용 취관 및 체액 유도관,A57180.01,위치 조정 카테터,2
A57000,의료용 취관 및 체액 유도관,A57190.01,전극 카테터,2
A57000,의료용 취관 및 체액 유도관,A57200.01,연속 관류 카테터,2
A57000,의료용 취관 및 체액 유도관,A57210.01,뇌척수용 카테터,4
A57000,의료용 취관 및 체액 유도관,A57210.02,뇌수종용 카테터,4
A57000,의료용 취관 및 체액 유도관,A57210.03,뇌척수액 리저버,2
A57000,의료용 취관 및 체액 유도관,A57210.04,뇌척수액 복강용 카테터,4
A57000,의료용 취관 및 체액 유도관,A57210.05,뇌수종용 션트,4
A57000,의료용 취관 및 체액 유도관,A57210.06,뇌수종용 밸브 프로그래머,3
A57000,의료용 취관 및 체액 유도관,A57210.07,뇌실용 카테터,4
A57000,의료용 취관 및 체액 유도관,A57210.08,뇌용 카테터,4
A57000,의료용 취관 및 체액 유도관,A57210.09,뇌척수용 드레인 튜브,4
A57000,의료용 취관 및 체액 유도관,A57210.10,뇌수술용 배액 도구 한 벌,4
A57000,의료용 취관 및 체액 유도관,A57210.11,뇌실용 배액 도구 한 벌,4
A57000,의료용 취관 및 체액 유도관,A57220.01,범용 주입-배액용 튜브카테터,2
A57000,의료용 취관 및 체액 유도관,A57220.02,심막 배액용 카테터,2
A57000,의료용 취관 및 체액 유도관,A57220.03,우로키나제 사용 심막 배액용 카테터,4
A57000,의료용 취관 및 체액 유도관,A57220.04,일회용 멀티 루멘 카테터,2
A57000,의료용 취관 및 체액 유도관,A57220.05,의약품 투여 멀티 루멘 카테터,3
A57000,의료용 취관 및 체액 유도관,A57220.06,중추 신경용 멀티 루멘 카테터,4
A57000,의료용 취관 및 체액 유도관,A57220.07,범용 흡인 카테터,2
A57000,의료용 취관 및 체액 유도관,A57220.08,헤파린 사용 범용 흡인 카테터,4
A57000,의료용 취관 및 체액 유도관,A57220.09,우로키나제 사용 범용 흡인 카테터,4
A57000,의료용 취관 및 체액 유도관,A57220.10,이관용 카테터,2
A57000,의료용 취관 및 체액 유도관,A57220.11,흉부 배액용 튜브,2
A57000,의료용 취관 및 체액 유도관,A57220.12,헤파린 사용 흉부 배액용 튜브,4
A57000,의료용 취관 및 체액 유도관,A57220.13,우로키나제 사용 흉부 배액용 튜브,4
A57000,의료용 취관 및 체액 유도관,A57220.14,정액 주입용 자궁 카테터,2
A57000,의료용 취관 및 체액 유도관,A57220.15,인공 수정용 카테터,2
A57000,의료용 취관 및 체액 유도관,A57220.16,난관 조영용 카테터,2
A57000,의료용 취관 및 체액 유도관,A57220.17,경막 외 카테터,3
A57000,의료용 취관 및 체액 유도관,A57220.18,지혈 카테터,2
A57000,의료용 취관 및 체액 유도관,A57220.19,관절경 배액용 카테터,2
A57000,의료용 취관 및 체액 유도관,A57220.20,누액·누도 실리콘 튜브,2
A57000,의료용 취관 및 체액 유도관,A57220.21,헤파린 사용 누액·누도 실리콘 튜브,4
A57000,의료용 취관 및 체액 유도관,A57230.01,열 희석 카테터,4
A57000,의료용 취관 및 체액 유도관,A57230.02,헤파린용 열 희석 카테터,4
A57000,의료용 취관 및 체액 유도관,A57240.01,비중심순환계 색전 제거용 풍선 카테터,2
A57000,의료용 취관 및 체액 유도관,A57240.02,중심순환계 색전 제거용 풍선 카테터,4
A57000,의료용 취관 및 체액 유도관,A57250.01,비이식형 혈관 접속용 기구,2
A57000,의료용 취관 및 체액 유도관,A57250.02,이식형 혈관 접속용 기구,3
A57000,의료용 취관 및 체액 유도관,A57260.01,경피 카테터,2
A57000,의료용 취관 및 체액 유도관,A57265.01,범용 카테터,2
A57000,의료용 취관 및 체액 유도관,A57270.01,광섬유 카테터,2
A57000,의료용 취관 및 체액 유도관,A57275.01,범용 풍선 카테터,2
A57000,의료용 취관 및 체액 유도관,A57275.02,직장 괄약근 풍선,2
A57000,의료용 취관 및 체액 유도관,A57275.03,자궁용 풍선,2
A57000,의료용 취관 및 체액 유도관,A57275.04,척추후굴 복원술용 풍선 카테터,2
A57000,의료용 취관 및 체액 유도관,A57275.05,자궁용 풍선 카테터,2
A57000,의료용 취관 및 체액 유도관,A57275.06,자궁용 음압 기구,2
A57000,의료용 취관 및 체액 유도관,A57280.01,일시적 사용 카테터 풍선 수리 도구 한 벌,2
A57000,의료용 취관 및 체액 유도관,A57280.02,단기 사용 카테터 풍선 수리 도구 한 벌,2
A57000,의료용 취관 및 체액 유도관,A57280.03,장기 사용 카테터 풍선 수리 도구 한 벌,3
A57000,의료용 취관 및 체액 유도관,A57290.01,코출혈 방지용 카테터,1
A57000,의료용 취관 및 체액 유도관,A57300.01,마취액 주입용 카테터,2
A57000,의료용 취관 및 체액 유도관,A57310.01,코인두용 카테터,1
A57000,의료용 취관 및 체액 유도관,A57320.01,복강-정맥 션트,3
A57000,의료용 취관 및 체액 유도관,A57330.01,흉강-복강 션트,3
A57000,의료용 취관 및 체액 유도관,A57350.01,자궁경부 배액관,2
A57000,의료용 취관 및 체액 유도관,A57360.01,내림프 션트,2
A57000,의료용 취관 및 체액 유도관,A57370.01,내림프 밸브 션트관,3
A57000,의료용 취관 및 체액 유도관,A57380.01,고막 천공용 튜브,2
A57000,의료용 취관 및 체액 유도관,A57390.01,고막 천공용 반투막 튜브,3
A57000,의료용 취관 및 체액 유도관,A57400.01,스텐트 제거용 기구,2
A57000,의료용 취관 및 체액 유도관,A57410.01,인공수정용 카테터 유도관,2
A57000,의료용 취관 및 체액 유도관,A57420.01,전동식 의약품 혼합용 기구용 튜브,2
A58000,의료용 소식자,A58010.01,수동식 의료용 소식자,1
A58000,의료용 소식자,A58010.02,전동식 의료용 소식자,2
A58000,의료용 소식자,A58020.01,체외형 범용 프로브,1
A58000,의료용 소식자,A58020.02,체표면 자극용 프로브,1
A58000,의료용 소식자,A58020.03,체내형 범용 프로브,2
A58000,의료용 소식자,A58020.04,식도용 초음파 프로브,2
A58000,의료용 소식자,A58020.05,비강 진단용 초음파 프로브,2
A58000,의료용 소식자,A58020.06,혈관 내 진단용 초음파 프로브,3
A58000,의료용 소식자,A58020.07,거치형 체외식 초음파 프로브,2
A58000,의료용 소식자,A58020.08,수지형 체외식 초음파 프로브,2
A58000,의료용 소식자,A58020.09,비혈관계 수술 초음파 진단용 프로브,2
A58000,의료용 소식자,A58020.10,혈관계 수술 초음파 진단용 프로브,3
A58000,의료용 소식자,A58020.11,중추신경·중심순환계 수술 초음파 진단용 프로브,4
A58000,의료용 소식자,A58020.12,질용 초음파 프로브,2
A58000,의료용 소식자,A58020.13,직장용 초음파 프로브,2
A58000,의료용 소식자,A58020.14,자궁 내압 측정 프로브,1
A58000,의료용 소식자,A58020.15,방광 검사용 초음파 프로브,2
A58000,의료용 소식자,A58020.16,피하 자극용 프로브,2
A58000,의료용 소식자,A58020.17,근육 내 자극용 프로브,3
A58000,의료용 소식자,A58020.18,심장 중추신경 자극용 프로브,4
A58000,의료용 소식자,A58020.19,치과용 프로브,1
A58000,의료용 소식자,A58020.20,자기장 포인터,2
A58000,의료용 소식자,A58030.01,의료용 패커,1
A58000,의료용 소식자,A58040.01,의료용 솔,1
A58000,의료용 소식자,A58050.01,의료용 밀대,1
A58000,의료용 소식자,A58060.01,체외형 의료용 전극,1
A58000,의료용 소식자,A58060.02,일회용 심전도 전극,1
A58000,의료용 소식자,A58060.03,재사용가능 심전도 전극,1
A58000,의료용 소식자,A58060.04,신생아용 심전도 전극,1
A58000,의료용 소식자,A58060.05,자동 흡착식 심전도 전극,1
A58000,의료용 소식자,A58060.06,두피 뇌파용 전극,1
A58000,의료용 소식자,A58060.07,체표면 근전계 전극,1
A58000,의료용 소식자,A58060.08,체표면 전기 자극기용 전극,1
A58000,의료용 소식자,A58060.09,안진용 전극,1
A58000,의료용 소식자,A58060.10,비인두 전극,1
A58000,의료용 소식자,A58060.11,망막 전위용 전극,1
A58000,의료용 소식자,A58060.12,땀시험용 전극,1
A58000,의료용 소식자,A58060.13,안구 전위용 전극,1
A58000,의료용 소식자,A58060.14,표면 태아 두피용 전극,1
A58000,의료용 소식자,A58060.15,태아 두피용 클립 전극,1
A58000,의료용 소식자,A58060.16,치과용 교합음 측정기용 전극,1
A58000,의료용 소식자,A58060.17,체내형 의료용 전극,2
A58000,의료용 소식자,A58060.18,두피 내 뇌파용 전극,2
A58000,의료용 소식자,A58060.19,피질 전극,4
A58000,의료용 소식자,A58060.20,근전계 전극,2
A58000,의료용 소식자,A58060.21,전기 자극기 침 전극,2
A58000,의료용 소식자,A58060.22,헤파린 사용 체표면 전기 자극기 전극,4
A58000,의료용 소식자,A58060.23,방광용 전극,2
A58000,의료용 소식자,A58060.24,식도 전극,2
A58000,의료용 소식자,A58060.25,태아 두피용 전극,2
A58000,의료용 소식자,A58060.26,카테터형 심장 전극,4
A58000,의료용 소식자,A58060.27,헤파린 사용 카테터형 심장 전극,4
A58000,의료용 소식자,A58060.28,심장 내 전극,4
A59000,의료용 확장기,A59010.01,수동식 혈관 확장기,1
A59000,의료용 확장기,A59010.02,전동식 혈관 확장기,2
A59000,의료용 확장기,A59020.01,수동식 식도 확장기,1
A59000,의료용 확장기,A59020.02,전동식 식도 확장기,2
A59000,의료용 확장기,A59030.01,수동식 직장 확장기,1
A59000,의료용 확장기,A59030.02,전동식 직장 확장기,2
A59000,의료용 확장기,A59040.01,수동식 요관 확장기,1
A59000,의료용 확장기,A59040.02,전동식 요관 확장기,2
A59000,의료용 확장기,A59050.01,수동식 요도 확장기,1
A59000,의료용 확장기,A59050.02,전동식 요도 확장기,2
A59000,의료용 확장기,A59060.01,수동식 자궁경부 확장기,1
A59000,의료용 확장기,A59070.01,라미나리아 자궁경부 확장기,2
A59000,의료용 확장기,A59080.01,진동식 자궁경부 확장기,2
A59000,의료용 확장기,A59090.01,범용 의료용 확장기,1
A59000,의료용 확장기,A59090.02,기관 확장기,1
A59000,의료용 확장기,A59090.03,눈 확장기,1
A59000,의료용 확장기,A59090.04,심장 확장기,1
A59000,의료용 확장기,A59090.05,이비인후 확장기,1
A59000,의료용 확장기,A59090.06,폐 확장기,1
A59000,의료용 확장기,A59090.07,풍선 확장기,2
A59000,의료용 확장기,A59090.08,비강 확장기,1
A59000,의료용 확장기,A59090.09,구강 삽입형 기도 확장기,2
A59000,의료용 확장기,A59100.01,유방 확장기,3
A59000,의료용 확장기,A59100.02,치과용 조직 확장용 기구,2
A60000,의료용 도포기,A60010.01,의료용 도포기,1
A60000,의료용 도포기,A60010.02,치과용 도포기,1
A61000,혼합 및 분배용기구,A61010.01,의료용 스프레더,1
A61000,혼합 및 분배용기구,A61010.02,치과용 근관 치료 스프레더,1
A61000,혼합 및 분배용기구,A61020.01,의료용 혼합 주걱,1
A61000,혼합 및 분배용기구,A61020.02,전동식 의약품 혼합용 기구,2
A61000,혼합 및 분배용기구,A61020.03,수동식 의약품 혼합용 기구,2
A61000,혼합 및 분배용기구,A61030.01,의료용 시멘트 연판,1
A61000,혼합 및 분배용기구,A61040.01,치과용 아말감 캡슐,1
A61000,혼합 및 분배용기구,A61050.01,치과용 아말감 혼합기,1
A61000,혼합 및 분배용기구,A61070.01,치과용 아말감 합금 분배기,1
A61000,혼합 및 분배용기구,A61080.01,의료용 시멘트 혼합기,1
A61000,혼합 및 분배용기구,A61090.01,의료용 시멘트 분배기,1
A62000,의료용 충전기,A62010.01,의료용 충전기,1
A62000,의료용 충전기,A62010.02,치과용 충전기,1
A62000,의료용 충전기,A62010.03,치과용 전열식 근관 플러거,2
A62000,의료용 충전기,A62010.04,치과용 근관 플러거,1
A62000,의료용 충전기,A62010.05,치과 충전용 말렛,1
A62000,의료용 충전기,A62010.06,치과용 매트릭스 고정기,1
A62000,의료용 충전기,A62010.07,치과용 매트릭스 밴드,1
A62000,의료용 충전기,A62010.08,치과용 매트릭스 웨지,1
A62000,의료용 충전기,A62020.01,의료용 드롭 수송기,1
A62000,의료용 충전기,A62020.02,치과용 접착성 수송기,1
A62000,의료용 충전기,A62030.01,치과용 아말감 수송기,1
A62000,의료용 충전기,A62040.01,치과용 아말감 충전기,1
A62000,의료용 충전기,A62040.02,치과용 아말감 버니셔,1
A62000,의료용 충전기,A62040.03,치과용 아말감 성형기,1
A63000,의료용 누르개,A63010.01,혀 누르개,1
A63000,의료용 누르개,A63020.01,의료용 누르개,1
A63000,의료용 누르개,A63030.01,의료용 압박 주걱,1
A63000,의료용 누르개,A63030.02,의약품 흡수 유도 피부 자극기,2
A63000,의료용 누르개,A63030.03,개인용 의약품 흡수 유도 피부 자극기,2
A64000,측정 및 유도용 기구,A64010.01,수동식 의료용 측각도계,1
A64000,측정 및 유도용 기구,A64010.02,전자식 의료용 측각도계,2
A64000,측정 및 유도용 기구,A64020.01,의료용 게이지,1
A64000,측정 및 유도용 기구,A64020.02,요도계,1
A64000,측정 및 유도용 기구,A64030.01,의료용 캘리퍼스,1
A64000,측정 및 유도용 기구,A64030.02,정형외과용 캘리퍼스,1
A64000,측정 및 유도용 기구,A64040.01,의료용 체외 표시기,1
A64000,측정 및 유도용 기구,A64040.02,의료용 체내 표시기,2
A64000,측정 및 유도용 기구,A64050.01,의료용 가이드,1
A64000,측정 및 유도용 기구,A64050.02,침습형 일회용 의료용 가이드,2
A64000,측정 및 유도용 기구,A64060.01,의료용 가드,1
A64000,측정 및 유도용 기구,A64060.02,이갈이 방지 가드,1
A64000,측정 및 유도용 기구,A64070.01,의료용 측정자,1
A64000,측정 및 유도용 기구,A64080.01,골반계,1
A64000,측정 및 유도용 기구,A64090.01,정형용 형판(템플레이트),1
A64000,측정 및 유도용 기구,A64100.01,두개 측정기,1
A64000,측정 및 유도용 기구,A64110.01,비프레임 의료용 입체 정위기,1
A64000,측정 및 유도용 기구,A64110.02,프레임 의료용 입체 정위기,2
A64000,측정 및 유도용 기구,A64110.03,내비게이션 의료용 입체 정위기,2
A64000,측정 및 유도용 기구,A64120.01,안과용 거리계,1
A64000,측정 및 유도용 기구,A64130.01,안구 돌출계,1
A64000,측정 및 유도용 기구,A64140.01,안과용 근점 측정용 자,1
A64000,측정 및 유도용 기구,A64150.01,동공 거리 측정기,1
A64000,측정 및 유도용 기구,A64160.01,혈관 카테터 안내선,2
A64000,측정 및 유도용 기구,A64160.02,심혈관용 카테터 안내선,4
A64000,측정 및 유도용 기구,A64160.03,뇌혈관용 카테터 안내선,4
A64000,측정 및 유도용 기구,A64160.04,장관 카테터 안내선,2
A64000,측정 및 유도용 기구,A64160.05,비뇨기과용 카테터 안내선,2
A64000,측정 및 유도용 기구,A64170.01,카테터 삽입기,2
A64000,측정 및 유도용 기구,A64170.02,헤파린 사용 카테터 삽입기,4
A64000,측정 및 유도용 기구,A64170.03,중심정맥용 카테터 삽입기,4
A64000,측정 및 유도용 기구,A64170.04,삽입 보조기,2
A64000,측정 및 유도용 기구,A64170.05,뇌 외과용 삽입기,2
A64000,측정 및 유도용 기구,A64170.06,재사용가능 기관 튜브 삽입기,1
A64000,측정 및 유도용 기구,A64170.07,일회용 기관 튜브 삽입기,2
A64000,측정 및 유도용 기구,A64170.08,지혈 밸브 부착 카테터 삽입기,2
A64000,측정 및 유도용 기구,A64170.09,소화기용 카테터 삽입기,2
A64000,측정 및 유도용 기구,A64180.01,카테터 탐침,2
A64000,측정 및 유도용 기구,A64180.02,밸브 확장 카테터용 탐침,4
A64000,측정 및 유도용 기구,A64180.03,재사용가능 기관 내 튜브 탐침,1
A64000,측정 및 유도용 기구,A64180.04,일회용 기관 내 튜브 탐침,2
A64000,측정 및 유도용 기구,A64180.05,주사침 탐침,2
A64000,측정 및 유도용 기구,A64190.01,카테터 말단 폐색기,1
A64000,측정 및 유도용 기구,A64200.01,내시경 체강 삽입 유도 기구,1
A64000,측정 및 유도용 기구,A64200.02,내시경 피하 삽입 유도 기구,2
A64000,측정 및 유도용 기구,A64210.01,체액 용적 측정 장치,1
A64000,측정 및 유도용 기구,A64230.01,시축 검사기,1
A64000,측정 및 유도용 기구,A64240.01,이식용 의료기기 삽입용 보조 기구,1
A64000,측정 및 유도용 기구,A64250.01,분만 유도기,2
A64000,측정 및 유도용 기구,A64260.01,파절 여부 측정자,1
A65000,의료용 세정기,A65010.01,수동식 의료용 세정기,1
A65000,의료용 세정기,A65010.02,수동식 구강 세정기,1
A65000,의료용 세정기,A65010.03,수동식 코 세정기,1
A65000,의료용 세정기,A65010.04,수동식 생체용 세정기,1
A65000,의료용 세정기,A65010.05,멸균액 수동식 생체용 세정기,1
A65000,의료용 세정기,A65010.06,치과용 수동식 구강 세정기,1
A65000,의료용 세정기,A65010.07,치과용 수동식 근관 세정기,1
A65000,의료용 세정기,A65010.08,전동식 의료용 세정기,2
A65000,의료용 세정기,A65010.09,치과용 압력식 구강 세정기,2
A65000,의료용 세정기,A65010.10,치과용 압력식 근관 세정기,2
A65000,의료용 세정기,A65010.11,전동식 코 세정기,2
A65000,의료용 세정기,A65010.12,전동식 생체용 세정기,2
A65000,의료용 세정기,A65010.13,멸균액 전동식 생체용 세정기,2
A65000,의료용 세정기,A65010.14,정형외과용 세정기,2
A65000,의료용 세정기,A65010.15,치과용 전동식 세정기,2
A65000,의료용 세정기,A65020.01,대장 세척장치,2
A65000,의료용 세정기,A65030.01,루용 수동식 세정기,1
A65000,의료용 세정기,A65030.02,루용 전동식 세정기,2
A65000,의료용 세정기,A65040.01,의료용 분사식 세정기,2
A65000,의료용 세정기,A65050.01,자궁 내막 세정기,2
A65000,의료용 세정기,A65060.01,질 세정기,2
A65000,의료용 세정기,A65070.01,요도 세정기,2
A65000,의료용 세정기,A65080.01,수동식 코 세정용 키트,1
A65000,의료용 세정기,A65080.02,전동식 코 세정용 키트,2
A66000,채혈 또는 수혈 및 생체 검사용 기구,A66010.01,혈액 저장 용기,3
A66000,채혈 또는 수혈 및 생체 검사용 기구,A66010.02,항응고제 포함 혈액 저장 용기,4
A66000,채혈 또는 수혈 및 생체 검사용 기구,A66020.01,채혈세트,2
A66000,채혈 또는 수혈 및 생체 검사용 기구,A66025.01,채혈기,1
A66000,채혈 또는 수혈 및 생체 검사용 기구,A66025.02,채혈침 포함 채혈기,2
A66000,채혈 또는 수혈 및 생체 검사용 기구,A66030.01,수혈세트,2
A66000,채혈 또는 수혈 및 생체 검사용 기구,A66040.01,수혈용 채혈세트,2
A66000,채혈 또는 수혈 및 생체 검사용 기구,A66050.01,모세관 채혈 튜브,1
A66000,채혈 또는 수혈 및 생체 검사용 기구,A66060.02,채혈관 침 부착기,1
A66000,채혈 또는 수혈 및 생체 검사용 기구,A66070.01,진공 채혈관,1
A66000,채혈 또는 수혈 및 생체 검사용 기구,A66080.01,혈액 표본 채집 기구,2
A66000,채혈 또는 수혈 및 생체 검사용 기구,A66090.01,태아 혈액 채취기,2
A66000,채혈 또는 수혈 및 생체 검사용 기구,A66100.01,동맥혈 채취용 도구 한 벌,2
A66000,채혈 또는 수혈 및 생체 검사용 기구,A66110.01,생체 검사용 도구,2
A66000,채혈 또는 수혈 및 생체 검사용 기구,A66110.02,검체 채취용 도구,1
A66000,채혈 또는 수혈 및 생체 검사용 기구,A66120.01,레이저 채혈기,3
A67000,정형 및 기능 회복용 기구,A67010.01,수동식 정형용 견인장치,1
A67000,정형 및 기능 회복용 기구,A67010.02,전동식 공기주입식 정형용 견인장치,2
A67000,정형 및 기능 회복용 기구,A67010.03,전동식 정형용 견인장치,2
A67000,정형 및 기능 회복용 기구,A67010.04,수동식 공기 주입식 정형용 견인장치,1
A67000,정형 및 기능 회복용 기구,A67020.01,수동식 정형용 운동장치,1
A67000,정형 및 기능 회복용 기구,A67020.02,전동식 정형용 운동장치,2
A67000,정형 및 기능 회복용 기구,A67025.01,정형용 기계장치,2
A67000,정형 및 기능 회복용 기구,A67030.01,정형용 교정장치,2
A67000,정형 및 기능 회복용 기구,A67040.01,수동식 흉벽 진동기,1
A67000,정형 및 기능 회복용 기구,A67040.02,전동식 흉벽 진동기,1
A67000,정형 및 기능 회복용 기구,A67050.01,수동식 골 수술기,1
A67000,정형 및 기능 회복용 기구,A67050.02,전동식 골 수술기,2
A67000,정형 및 기능 회복용 기구,A67050.03,전지전원식 골 수술기,2
A67000,정형 및 기능 회복용 기구,A67050.04,자동화 시스템 로봇 수술기,3
A67000,정형 및 기능 회복용 기구,A67060.01,모발이식장치,2
A67000,정형 및 기능 회복용 기구,A67060.02,자동화시스템 모낭 채취기,3
A67000,정형 및 기능 회복용 기구,A67070.01,수동식 기능 회복용 기구,1
A67000,정형 및 기능 회복용 기구,A67070.02,전동식 기능 회복용 기구,2
A67000,정형 및 기능 회복용 기구,A67080.01,로봇 보조 정형용 운동장치,3
A67000,정형 및 기능 회복용 기구,A67090.01,보행 지원용 보조기기,2
A67000,정형 및 기능 회복용 기구,A67090.02,전동식 외골격 장치,3
A68000,치과용 진료 장치 및 의자,A68010.01,치과용 진료 장치 및 의자,2
A68000,치과용 진료 장치 및 의자,A68020.01,치과용 진료 장치,2
A68000,치과용 진료 장치 및 의자,A68030.01,치과용 진료 의자,1
A69000,치과용 엔진,A69010.01,치과 시술용 엔진,2
A69000,치과용 엔진,A69010.02,치과 임플란트 시술용 엔진,2
A69000,치과용 엔진,A69010.03,치과 임플란트 시술용 핸드피스,2
A70000,치과용 브로치,A70010.01,근관 치료용 브로치,1
A70000,치과용 브로치,A70010.02,근관 치료용 수동용 파일리머,1
A70000,치과용 브로치,A70010.03,근관 치료용 전동용 파일리머,1
A71000,치과용 탐침,A71010.01,치과용 탐침,1
A72000,치과용 방습기,A72010.01,치과용 공기 건조기,2
A72000,치과용 방습기,A72020.01,치과용 고무 방습기,1
A72000,치과용 방습기,A72020.02,치과용 고무 방습기 클램프,1
A72000,치과용 방습기,A72020.03,치과용 고무 방습기 프레임,1
A73000,인상 채득 또는 교합용 기구,A73010.01,교합기,1
A73000,인상 채득 또는 교합용 기구,A73020.01,안궁,1
A73000,인상 채득 또는 교합용 기구,A73030.01,교합지,1
A73000,인상 채득 또는 교합용 기구,A73030.02,교합 검사용 잉크,1
A73000,인상 채득 또는 교합용 기구,A73040.01,사도기,1
A73000,인상 채득 또는 교합용 기구,A73050.01,치과 인상 채득용 트레이,1
A73000,인상 채득 또는 교합용 기구,A73050.02,치과 불소 도포용 트레이,1
A74000,치과용 중합기,A74010.01,치과용 자외선 중합기,1
A74000,치과용 중합기,A74020.01,치과용 가시광선 중합기,1
A76000,시력 보정용 안경,A76010.01,시력 보정용 안경,1
A77000,눈 적용 렌즈,A77010.01,안경렌즈,1
A77000,눈 적용 렌즈,A77010.02,진단용 안경렌즈,1
A77000,눈 적용 렌즈,A77020.01,매일착용 하드 콘택트렌즈,2
A77000,눈 적용 렌즈,A77020.02,연속착용 하드 콘택트렌즈,3
A77000,눈 적용 렌즈,A77030.01,매일착용 소프트 콘택트렌즈,2
A77000,눈 적용 렌즈,A77030.02,연속착용 소프트 콘택트렌즈,3
A77000,눈 적용 렌즈,A77040.01,치료용 콘택트렌즈,3
A77000,눈 적용 렌즈,A77040.04,헤파린 사용 후방렌즈,4
A77000,눈 적용 렌즈,A77050.01,진단용 콘택트렌즈,2
A77000,눈 적용 렌즈,A77050.02,스마트 콘택트렌즈,3
A78000,보청기,A78010.01,골도형 보청기,2
A78000,보청기,A78010.02,기도형 보청기,2
A78000,보청기,A78010.03,구화 훈련용 보청기,2
A78000,보청기,A78010.04,촉각형 보청기,2
A78000,보청기,A78010.05,반이식형 보청기,3
A78000,보청기,A78010.06,이식형 보청기,3
A78000,보청기,A78010.07,인공 중이,3
A78000,보청기,A78010.08,고막 접촉 보청기,3
A79000,의약품 주입기,A79010.01,전동식 의약품 주입 펌프,2
A79000,의약품 주입기,A79010.02,실린더식 의약품 주입 펌프,2
A79000,의약품 주입기,A79010.03,환자 관리 무통법용 수액 펌프,3
A79000,의약품 주입기,A79010.04,전동식 이식형 의약품 주입 펌프,4
A79000,의약품 주입기,A79010.05,수동식 의약품 주입 펌프,2
A79000,의약품 주입기,A79010.06,가스식 의약품 주입 펌프,2
A79000,의약품 주입기,A79020.01,의약품 주입 용기,2
A79000,의약품 주입기,A79030.01,수액세트,2
A79000,의약품 주입기,A79030.02,전동식 의약품 주입 펌프용 수액세트,2
A79000,의약품 주입기,A79030.03,인슐린 주입용 수액세트,2
A79000,의약품 주입기,A79030.04,약물 흡착 방지 수액세트,2
A79000,의약품 주입기,A79040.01,의약품 압력 주입기,1
A79000,의약품 주입기,A79040.02,실린더식 의약품 주입 펌프용 카트리지,2
A79000,의약품 주입기,A79050.01,체외용 인슐린 주입기,4
A79000,의약품 주입기,A79050.02,이식형 인슐린 주입기,4
A79000,의약품 주입기,A79060.01,조영제 주입기,2
A79000,의약품 주입기,A79060.02,재사용가능 관절 조영 도구 한 벌,1
A79000,의약품 주입기,A79060.03,일회용 관절 조영 도구 한 벌,2
A79000,의약품 주입기,A79070.01,재사용가능 지시액 주입기,1
A79000,의약품 주입기,A79070.02,일회용 지시약 주입기,2
A79000,의약품 주입기,A79080.01,의약품 동기 주입기,2
A79000,의약품 주입기,A79080.02,바륨 조영제 주입·배설기,2
A79000,의약품 주입기,A79080.03,방사선 물질 투여기,2
A79000,의약품 주입기,A79090.01,분말 의약품 분사기,1
A79000,의약품 주입기,A79100.01,의약품 자동 점적장치,2
A79000,의약품 주입기,A79110.01,의약품 주입량 감시기,2
A79000,의약품 주입기,A79110.02,의약품 주입량 감시 조절기,2
A79000,의약품 주입기,A79120.01,마취액 주입 도구 한 벌,2
A79000,의약품 주입기,A79130.01,관장기,1
A79000,의약품 주입기,A79130.02,관장용 칩,1
A79000,의약품 주입기,A79140.01,의약품 주입 여과기,2
A79000,의약품 주입기,A79140.02,일회용 주사 여과기,2
A79000,의약품 주입기,A79150.01,이식형 의약품 주입기,4
A79000,의약품 주입기,A79160.01,의약품 간접 주입 기구,1
A79000,의약품 주입기,A79160.02,의약품 직접 주입 기구,2
A79000,의약품 주입기,A79160.03,자궁용 의약품 등 주입기,1
A79000,의약품 주입기,A79160.04,골 내 의약품 주입 도구 한 벌,1
A79000,의약품 주입기,A79160.05,치과용 재료 주입기,1
A79000,의약품 주입기,A79160.06,세정용 튜브,1
A79000,의약품 주입기,A79160.07,가스 튜브․카테터,1
A79000,의약품 주입기,A79160.08,폐쇄형 의약품 직접 전달 시스템,2
A80000,헤르니아 치료용 기구,A80010.01,탈장대,1
A80000,헤르니아 치료용 기구,A80020.01,음낭 지지대,1
A81000,의료용 흡입기,A81010.01,가열식 흡입기,2
A81000,의료용 흡입기,A81010.02,비가열식 흡입기,2
A81000,의료용 흡입기,A81010.03,진단용 흡입기,2
A81000,의료용 흡입기,A81010.04,초음파 흡입기,2
A81000,의료용 흡입기,A81020.01,의료용 분무기,2
A82000,의료용 진동기,A82010.01,의료용 진동기,2
A83000,개인용 전기 자극기,A83010.01,개인용 저주파 자극기,2
A83000,개인용 전기 자극기,A83020.01,개인용 전위 발생기,2
A83000,개인용 전기 자극기,A83030.01,개인용 적외선 조사기,2
A83000,개인용 전기 자극기,A83040.01,개인용 자외선 조사기,2
A83000,개인용 전기 자극기,A83050.01,개인용 광선 조사기,3
A83000,개인용 전기 자극기,A83060.01,개인용 온열기,2
A83000,개인용 전기 자극기,A83060.02,개인용 공기 온열기,2
A83000,개인용 전기 자극기,A83060.03,개인용 물 온열기,2
A83000,개인용 전기 자극기,A83070.01,개인용 초단파 자극기,2
A83000,개인용 전기 자극기,A83080.01,개인용 조합 자극기(2등급),2
A83000,개인용 전기 자극기,A83080.02,개인용 조합 자극기,3
A83000,개인용 전기 자극기,A83090.01,개인용 전기 자극기,2
A83000,개인용 전기 자극기,A83100.01,개인용 초음파 자극기,2
A84000,침 또는 구용 기구,A84010.01,비멸균침,1
A84000,침 또는 구용 기구,A84010.02,멸균침,2
A84000,침 또는 구용 기구,A84020.01,수동식 부항기,1
A84000,침 또는 구용 기구,A84020.02,전동식 부항기,2
A84000,침 또는 구용 기구,A84030.01,점화식 온구기,1
A84000,침 또는 구용 기구,A84030.02,전기식 온구기,2
A85000,의료용 자기 발생기,A85010.01,의료용 자기 발생기,2
A85000,의료용 자기 발생기,A85020.01,의료용 전자기 발생기,2
A86000,의료용 물질 생성기,A86010.01,알칼리 이온수 생성기,2
A86000,의료용 물질 생성기,A86010.02,외용 소독물 생성기,2
A87000,의료용 필름 판독 장치,A87010.01,수동식 의료용 필름 판독장치,1
A87000,의료용 필름 판독 장치,A87010.02,전동식 의료용 필름 판독장치,1
A88000,이비인후과용 진료 장치 및 의자,A88010.01,이비인후과용 진료장치 및 의자,2
A88000,이비인후과용 진료 장치 및 의자,A88020.01,이비인후과용 진료장치,2
A88000,이비인후과용 진료 장치 및 의자,A88030.01,수동식 이비인후과용 진료 의자,1
A88000,이비인후과용 진료 장치 및 의자,A88030.02,전동식 이비인후과용 진료 의자,2
A89000,안과용 진료 장치 및 의자,A89010.01,안과용 진료장치 및 의자,2
A89000,안과용 진료 장치 및 의자,A89020.01,안과용 진료장치,2
A89000,안과용 진료 장치 및 의자,A89030.01,수동식 안과용 진료 의자,1
A89000,안과용 진료 장치 및 의자,A89030.02,전동식 안과용 진료 의자,2
A89000,안과용 진료 장치 및 의자,A89040.01,수동식 안과용 진료대,1
A89000,안과용 진료 장치 및 의자,A89040.02,전동식 안과용 진료대,2
A90000,유헬스케어 의료기기,A90010.01,1등급 유헬스케어 게이트웨이,1
A90000,유헬스케어 의료기기,A90010.02,2등급 유헬스케어 게이트웨이,2
A90000,유헬스케어 의료기기,A90020.01,유헬스케어 진단 지원 시스템,3
A90000,유헬스케어 의료기기,A90030.01,유헬스케어 혈압계,2
A90000,유헬스케어 의료기기,A90040.01,유헬스케어 혈당 측정기,3
A90000,유헬스케어 의료기기,A90050.01,유헬스케어 산소포화도 측정기,2
A90000,유헬스케어 의료기기,A90060.01,유헬스케어 전자 청진기,2
A90000,유헬스케어 의료기기,A90070.01,유헬스케어 전자 체온계,2
A90000,유헬스케어 의료기기,A90070.02,유헬스케어 귀 적외선 체온계,2
A90000,유헬스케어 의료기기,A90070.03,유헬스케어 피부 적외선 체온계,2
A90000,유헬스케어 의료기기,A90080.01,유헬스케어 임피던스 체지방 측정기,2
A90000,유헬스케어 의료기기,A90090.01,유헬스케어 심박수계,2
A90000,유헬스케어 의료기기,A90100.01,유헬스케어 심전계,2
A90000,유헬스케어 의료기기,A90100.02,유헬스케어 부하 심전도장치,2
A90000,유헬스케어 의료기기,A90110.01,유헬스케어 최대 호흡률 측정기,2
A90000,유헬스케어 의료기기,A90120.01,유헬스케어 체외용 인슐린 주입기,4
A90000,유헬스케어 의료기기,A90120.02,유헬스케어 이식형 인슐린 주입기,4
A91000,의료용 세포 및 조직 처리 기구,A91010.01,세포 조작 키트,3
A91000,의료용 세포 및 조직 처리 기구,A91020.01,세포치료제 제조 및 운영 장치,3
A91000,의료용 세포 및 조직 처리 기구,A91030.01,혈액 처리용 기구,3
A91000,의료용 세포 및 조직 처리 기구,A91030.02,골수 처리용 기구,3
A91000,의료용 세포 및 조직 처리 기구,A91040.01,지방 분리용 기구,3
B01000,방사선 용품,B01010.01,증감지형 의료용 엑스선 필름,1
B01000,방사선 용품,B01010.02,비증감지 의료용 엑스선형 필름,1
B01000,방사선 용품,B01010.03,영상 진단용 시네 필름,1
B01000,방사선 용품,B01010.04,영상 진단용 비자가현상 필름,1
B01000,방사선 용품,B01010.05,영상 진단용 자가현상 필름,1
B01000,방사선 용품,B01010.06,증감지형 치과 영상 진단용 필름,1
B01000,방사선 용품,B01010.07,비증감지형 치과 영상 진단용 필름,1
B01000,방사선 용품,B01020.01,방사선용 증감지,1
B01000,방사선 용품,B01030.01,방사선용 형광지,1
B01000,방사선 용품,B01030.02,광휘진성 형광판,1
B02000,봉합사 및 결찰사,B02010.01,비멸균 견제 봉합사,3
B02000,봉합사 및 결찰사,B02010.02,멸균 견제 봉합사,3
B02000,봉합사 및 결찰사,B02020.01,면사,3
B02000,봉합사 및 결찰사,B02020.02,린넨사,3
B02000,봉합사 및 결찰사,B02020.03,폴리에스터 봉합사,3
B02000,봉합사 및 결찰사,B02020.04,폴리에틸렌 봉합사,3
B02000,봉합사 및 결찰사,B02020.05,폴리프로필렌 봉합사,3
B02000,봉합사 및 결찰사,B02020.06,폴리부테스터 봉합사,3
B02000,봉합사 및 결찰사,B02020.07,폴리테트라풀오로에틸렌 봉합사,3
B02000,봉합사 및 결찰사,B02020.08,폴리아마이드 봉합사,3
B02000,봉합사 및 결찰사,B02020.09,폴리비닐리덴풀루오라이드 봉합사,3
B02000,봉합사 및 결찰사,B02020.10,스테인레스제 봉합사,3
B02000,봉합사 및 결찰사,B02020.11,티탄제 봉합사,3
B02000,봉합사 및 결찰사,B02020.12,니티놀제 봉합사,3
B02000,봉합사 및 결찰사,B02020.13,은 봉합사,3
B02000,봉합사 및 결찰사,B02020.14,기타 비흡수성 봉합사,3
B02000,봉합사 및 결찰사,B02020.15,크로믹 캣것 봉합사,4
B02000,봉합사 및 결찰사,B02020.16,캣것 봉합사,4
B02000,봉합사 및 결찰사,B02020.17,폴리글리콜산 봉합사,4
B02000,봉합사 및 결찰사,B02020.18,폴리글리코네이트 봉합사,4
B02000,봉합사 및 결찰사,B02020.19,폴리글락틴 봉합사,4
B02000,봉합사 및 결찰사,B02020.20,폴리디옥사논 봉합사,4
B02000,봉합사 및 결찰사,B02020.21,폴리글리카프론 봉합사,4
B02000,봉합사 및 결찰사,B02020.22,기타 흡수성 봉합사,4
B02000,봉합사 및 결찰사,B02020.23,폴리디옥사논/폴리에틸렌 혼합사,4
B02000,봉합사 및 결찰사,B02020.24,기타 부분 흡수성 봉합사,4
B02000,봉합사 및 결찰사,B02020.25,의약품 함유 봉합사,4
B02000,봉합사 및 결찰사,B02020.26,유전자 재조합형 봉합사,4
B02000,봉합사 및 결찰사,B02030.01,일시적 사용 결찰사,2
B02000,봉합사 및 결찰사,B02030.02,제대용 결찰사,2
B02000,봉합사 및 결찰사,B02030.03,요실금 치료용 띠,3
B02000,봉합사 및 결찰사,B02030.04,이식형 결찰사,4
B02000,봉합사 및 결찰사,B02030.05,흡수형 결찰사,4
B02000,봉합사 및 결찰사,B02030.06,흡수성 요실금 치료용 띠,4
B02000,봉합사 및 결찰사,B02040.01,안면조직 고정용 실,4
B02000,봉합사 및 결찰사,B02050.01,안면조직 고정용 기구,4
B03000,정형 용품,B03010.01,인공 발목 관절,3
B03000,정형 용품,B03010.02,특수재질 인공 발목 관절,4
B03000,정형 용품,B03020.01,인공 팔꿈치 관절,3
B03000,정형 용품,B03020.02,특수재질 인공 팔꿈치 관절,4
B03000,정형 용품,B03030.01,인공 손가락 관절,3
B03000,정형 용품,B03030.02,특수재질 인공 손가락 관절,4
B03000,정형 용품,B03040.01,인공 엉덩이 관절,3
B03000,정형 용품,B03040.02,특수재질 인공 엉덩이 관절,4
B03000,정형 용품,B03050.01,인공 무릎 관절,3
B03000,정형 용품,B03050.02,특수재질 인공 무릎 관절,4
B03000,정형 용품,B03060.01,인공 어깨관절,3
B03000,정형 용품,B03060.02,특수재질 인공 어깨 관절,4
B03000,정형 용품,B03070.01,인공 발가락 관절,3
B03000,정형 용품,B03070.02,특수재질 인공 발가락 관절,4
B03000,정형 용품,B03080.01,인공 손목 관절,3
B03000,정형 용품,B03080.02,특수재질 인공 손목 관절,4
B03000,정형 용품,B03090.01,골절 합용 판,3
B03000,정형 용품,B03090.02,특수재질 골절 합용 판,4
B03000,정형 용품,B03100.01,골절 합용 나사,3
B03000,정형 용품,B03100.02,특수재질 골절 합용 나사,4
B03000,정형 용품,B03100.03,연골 반월형판 접합용 나사,4
B03000,정형 용품,B03100.04,골 접합용 스태플,3
B03000,정형 용품,B03100.05,연조직 고정용 장치,3
B03000,정형 용품,B03100.06,특수재질 연조직 고정용 장치,4
B03000,정형 용품,B03110.01,골수 내 고정 막대,3
B03000,정형 용품,B03110.02,특수재질 골수 내 고정 막대,4
B03000,정형 용품,B03120.01,원형 결찰 골 고정재,3
B03000,정형 용품,B03120.02,특수재질 원형 결찰 골 고정재,4
B03000,정형 용품,B03130.01,본캡,3
B03000,정형 용품,B03130.02,특수재질 본캡,4
B03000,정형 용품,B03140.01,금속골 고정재,3
B03000,정형 용품,B03140.02,골절 합용 와이어,3
B03000,정형 용품,B03140.03,특수재질 골 고정재,4
B03000,정형 용품,B03160.01,추간체 고정재,3
B03000,정형 용품,B03160.02,특수 재질 추간체 고정재,4
B03000,정형 용품,B03160.03,추간체 유합 보형재,3
B03000,정형 용품,B03160.04,특수재질 추간체 유합 보형재,4
B03000,정형 용품,B03160.05,인공 추간판,3
B03000,정형 용품,B03160.06,특수재질 인공 추간판,4
B03000,정형 용품,B03180.01,재사용가능 체외 고정 기구,1
B03000,정형 용품,B03180.02,일회용 체외 고정 기구,2
B03000,정형 용품,B03180.03,이식용 체외 고정 기구,3
B03000,정형 용품,B03190.01,골 시멘트,3
B03000,정형 용품,B03190.02,항균 골 시멘트,4
B03000,정형 용품,B03200.01,두개골 성형 재료,3
B03000,정형 용품,B03200.02,특수 재질 두개골 성형 재료,4
B03000,정형 용품,B03220.01,두개 융합 방지 스트립,3
B03000,정형 용품,B03230.03,인공 안면 아래턱 관절,4
B03000,정형 용품,B03230.04,특수재질 인공 안면 아래턱 관절,4
B03000,정형 용품,B03230.05,인공 측두 하악골 관절,3
B03000,정형 용품,B03230.06,특수재질 인공 측두 하악골 관절,4
B03000,정형 용품,B03230.07,인공 광대뼈,3
B03000,정형 용품,B03230.08,인공 안와연,3
B03000,정형 용품,B03240.01,안과용 콘포머,2
B03000,정형 용품,B03260.01,안구 영역 임플란트,3
B03000,정형 용품,B03260.02,특수재질 안구 영역 임플란트,4
B03000,정형 용품,B03260.03,안구 내 주입용 가스 키트,3
B03000,정형 용품,B03280.01,공막 셸,2
B03000,정형 용품,B03290.01,안구 밸브 임플란트,3
B03000,정형 용품,B03300.01,담관용 스텐트,3
B03000,정형 용품,B03300.02,기관용 스텐트,3
B03000,정형 용품,B03300.03,기관지용 스텐트,3
B03000,정형 용품,B03300.05,식도용 스텐트,3
B03000,정형 용품,B03300.06,췌장용 스텐트,3
B03000,정형 용품,B03300.07,요관용 스텐트,3
B03000,정형 용품,B03300.08,요도용 스텐트,3
B03000,정형 용품,B03300.09,질용 스텐트,3
B03000,정형 용품,B03300.10,대장용 스텐트,3
B03000,정형 용품,B03300.11,십이지장용 스텐트,3
B03000,정형 용품,B03300.12,중심순환계 혈관용 스텐트,4
B03000,정형 용품,B03300.13,관상동맥용 스텐트,4
B03000,정형 용품,B03300.14,뇌혈관용 스텐트,4
B03000,정형 용품,B03300.15,흡수성 관상동맥용 스텐트,4
B03000,정형 용품,B03300.16,흡수성 중심순환계 혈관용 스텐트,4
B03000,정형 용품,B03300.17,흡수성 말초혈관용 스텐트,4
B03000,정형 용품,B03300.18,말초혈관용 스텐트,4
B03000,정형 용품,B03300.19,약물 방출 중심순환계 혈관용 스텐트,4
B03000,정형 용품,B03300.20,약물 방출 관상동맥용 스텐트,4
B03000,정형 용품,B03300.21,약물 방출 말초혈관용 스텐트,4
B03000,정형 용품,B03300.22,대동맥 그라프트 스텐트,4
B03000,정형 용품,B03300.23,관상동맥용 그라프트 스텐트,4
B03000,정형 용품,B03300.24,말초혈관용 그라프트 스텐트,4
B03000,정형 용품,B03330.01,금속제 이식용 메쉬,3
B03000,정형 용품,B03330.02,비흡수성 이식용 메쉬,3
B03000,정형 용품,B03330.03,부분 흡수성 이식용 메쉬,4
B03000,정형 용품,B03330.04,흡수성 이식용 메쉬,4
B03000,정형 용품,B03340.01,동맥낭 치료용 커프,2
B03000,정형 용품,B03350.01,신경용 커프,3
B03000,정형 용품,B03350.02,중추신경용 커프,4
B03000,정형 용품,B03350.03,흡수성 신경용 커프,4
B03000,정형 용품,B03360.01,알부민 사용 접착제,4
B03000,정형 용품,B03360.02,동맥류 형성술용 조직 접착제,4
B03000,정형 용품,B03360.03,표피 외 연조직 접합용 접착제,4
B03000,정형 용품,B03360.04,콜라겐 사용 연조직 접합용 접착제,4
B03000,정형 용품,B03360.05,표피 접합용 접착제,3
B03000,정형 용품,B03370.01,소낭 절제침,2
B03000,정형 용품,B03380.01,비흡수성 합성 폴리머 재료,3
B03000,정형 용품,B03380.02,흡수성 합성 폴리머 재료,4
B03000,정형 용품,B03390.01,비이식용 의료용 실리콘 재료,1
B03000,정형 용품,B03390.02,고형 이식 의료용 실리콘 재료,3
B03000,정형 용품,B03390.03,액상 이식 의료용 실리콘 재료,4
B03000,정형 용품,B03400.01,의안,2
B03000,정형 용품,B03410.01,안면 보형물 부착용 나사,3
B04000,인체조직 또는 기능 대치품,B04010.01,비중심순환계 인공 혈관,3
B04000,인체조직 또는 기능 대치품,B04010.02,중심순환계 인공 혈관,4
B04000,인체조직 또는 기능 대치품,B04010.03,콜라겐 사용 인공 혈관,4
B04000,인체조직 또는 기능 대치품,B04010.04,헤파린 사용 인공 혈관,4
B04000,인체조직 또는 기능 대치품,B04020.01,심혈관용 인조포,4
B04000,인체조직 또는 기능 대치품,B04020.02,심근용 인조포,4
B04000,인체조직 또는 기능 대치품,B04020.03,안과용 인조포,3
B04000,인체조직 또는 기능 대치품,B04030.01,비생체재질 인공 심장판막,4
B04000,인체조직 또는 기능 대치품,B04030.02,생체재질 인공 심장판막,4
B04000,인체조직 또는 기능 대치품,B04030.03,혼합재질 인공 심장판막,4
B04000,인체조직 또는 기능 대치품,B04040.01,윤상 성형용 고리,4
B04000,인체조직 또는 기능 대치품,B04050.01,실리콘막 인공 유방,4
B04000,인체조직 또는 기능 대치품,B04050.02,실리콘겔 인공 유방,4
B04000,인체조직 또는 기능 대치품,B04060.01,인공 식도,4
B04000,인체조직 또는 기능 대치품,B04070.01,인공 기관,4
B04000,인체조직 또는 기능 대치품,B04070.02,인공 기관지,4
B04000,인체조직 또는 기능 대치품,B04080.01,인공 이소골,3
B04000,인체조직 또는 기능 대치품,B04080.02,인공 전이소골,3
B04000,인체조직 또는 기능 대치품,B04090.01,인공 고막,4
B04000,인체조직 또는 기능 대치품,B04100.01,인공 난관,4
B04000,인체조직 또는 기능 대치품,B04110.01,인공 성대,4
B04000,인체조직 또는 기능 대치품,B04120.01,인공 고환,4
B04000,인체조직 또는 기능 대치품,B04130.01,인공 각막,4
B04000,인체조직 또는 기능 대치품,B04140.01,단초점 인공 수정체,4
B04000,인체조직 또는 기능 대치품,B04140.02,다초점 인공 수정체,4
B04000,인체조직 또는 기능 대치품,B04140.03,난시 교정 인공 수정체,4
B04000,인체조직 또는 기능 대치품,B04140.04,유수정체 인공 수정체,4
B04000,인체조직 또는 기능 대치품,B04140.05,조절성 인공 수정체,4
B04000,인체조직 또는 기능 대치품,B04150.01,인공 후두,3
B04000,인체조직 또는 기능 대치품,B04160.01,인공 인대,3
B04000,인체조직 또는 기능 대치품,B04170.01,인조 건,3
B04000,인체조직 또는 기능 대치품,B04180.01,경막 대용재,4
B04000,인체조직 또는 기능 대치품,B04190.01,팽창성 음경 임플란트,3
B04000,인체조직 또는 기능 대치품,B04200.01,경성 음경 임플란트,3
B04000,인체조직 또는 기능 대치품,B04210.01,요도 압박 임플란트,3
B04000,인체조직 또는 기능 대치품,B04220.01,생체 재료 이식용 뼈,4
B04000,인체조직 또는 기능 대치품,B04220.02,합성 재료 이식용 뼈,4
B04000,인체조직 또는 기능 대치품,B04220.03,복합 재료 이식용 뼈,4
B04000,인체조직 또는 기능 대치품,B04220.04,이종 재료 이식용 뼈,4
B04000,인체조직 또는 기능 대치품,B04230.01,조직 수복용 생체 재료,4
B04000,인체조직 또는 기능 대치품,B04230.02,조직 수복용 재료,4
B04000,인체조직 또는 기능 대치품,B04240.01,중이용 이식 몰드,3
B04000,인체조직 또는 기능 대치품,B04250.01,누점 플러그,3
B04000,인체조직 또는 기능 대치품,B04250.02,콜라겐 누점 플러그,3
B04000,인체조직 또는 기능 대치품,B04250.03,항문 플러그,3
B04000,인체조직 또는 기능 대치품,B04260.01,콜라겐 임플란트,3
B04000,인체조직 또는 기능 대치품,B04270.01,인공 피부,4
B04000,인체조직 또는 기능 대치품,B04270.02,콜라겐 사용 인공 피부,4
B04000,인체조직 또는 기능 대치품,B04280.01,콜라겐 사용 조직 보충재,4
B05000,부목,B05010.01,부목,1
B05000,부목,B05010.02,손 부목,1
B05000,부목,B05020.01,팽창성 부목,1
B05000,부목,B05030.01,데니스브라운 부목,1
B05000,부목,B05030.02,발가락 교정용 부목,1
B05000,부목,B05040.01,비흡수성 비강 내 부목,1
B05000,부목,B05040.02,비강 외 부목,1
B05000,부목,B05040.03,성형 부목,1
B05000,부목,B05040.04,진공 성형 부목,1
B05000,부목,B05040.05,패드식 부목,1
B05000,부목,B05040.06,흡수성 비강 내 부목,2
B05000,부목,B05050.01,엉덩이 탈골 고정 부목,1
B06000,시력표 및 색각 검사표,B06010.01,시력표,1
B06000,시력표 및 색각 검사표,B06020.01,색각 검사표,1
B06000,시력표 및 색각 검사표,B06030.01,시력 대비 감도표,1
B07000,외과 용품,B07010.01,수술용 장갑,2
B07000,외과 용품,B07010.02,진료용 장갑,1
B07000,외과 용품,B07020.01,외과용 골무,1
B07000,외과 용품,B07030.01,누용낭,1
B07000,외과 용품,B07040.01,장기용 가방,2
B07000,외과 용품,B07050.01,비접촉식 재사용가능 외과용 드레이프,1
B07000,외과 용품,B07050.02,접촉식 일회용 외과용 드레이프,2
B07000,외과 용품,B07050.03,레이저 저항성 수술용 드레이프,1
B07000,외과 용품,B07050.04,비접촉식 일회용 외과용드 레이프,2
B07000,외과 용품,B07050.05,체온 유지용 드레이프,2
B07000,외과 용품,B07060.01,드레이프 접착제,1
B07000,외과 용품,B07070.01,점착성 투명 창상피복재,2
B07000,외과 용품,B07070.02,비고착성 창상피복재,2
B07000,외과 용품,B07070.03,국소 하이드로겔 창상피복재,2
B07000,외과 용품,B07070.04,2차 치유 하이드로겔 창상피복재,3
B07000,외과 용품,B07070.05,생리식염수 창상피복재,2
B07000,외과 용품,B07070.07,생체유래 흡수성 창상피복재,4
B07000,외과 용품,B07070.08,생체유래 비흡수성 창상피복재,4
B07000,외과 용품,B07070.09,항균성 창상피복재,4
B07000,외과 용품,B07070.10,콜라겐 흡수성 창상피복재,3
B07000,외과 용품,B07070.11,국소 폼제 창상피복재,2
B07000,외과 용품,B07070.12,2차 치유 폼제 창상피복재,3
B07000,외과 용품,B07070.14,유착 방지 피복재,3
B07000,외과 용품,B07070.16,비유지놀계 치주 창상피복재,2
B07000,외과 용품,B07070.17,유지놀계 치주 창상피복재,2
B07000,외과 용품,B07070.18,합성재료 흡수성 창상피복재,4
B07000,외과 용품,B07080.01,피부 보호대,1
B07000,외과 용품,B07090.02,압박용 밴드,1
B07000,외과 용품,B07100.01,국소 지혈용 드레싱,2
B07000,외과 용품,B07110.01,인공 유방 삽입용 측정자,2
B07000,외과 용품,B07120.01,비흡수성 체내 도포형 지혈용품,3
B07000,외과 용품,B07120.02,흡수성 체내용 지혈용품,4
B07000,외과 용품,B07125.01,비흡수성 체내 거즈형 지혈용품,3
B07000,외과 용품,B07130.01,이식형 조직 재생용 지지체,4
B07000,외과 용품,B07130.02,비이식형 조직 재생용 지지체,2
B07000,외과 용품,B07140.01,비멸균 의료용 겔,1
B07000,외과 용품,B07140.02,멸균 의료용 겔,2
B07000,외과 용품,B07150.01,의료용 윤활제,2
B07000,외과 용품,B07150.02,개인용 윤활제,3
B07000,외과 용품,B07160.01,의료용 호흡기 보호구,2
B08000,콘돔,B08010.01,남성용 콘돔,3
B08000,콘돔,B08020.01,여성용 콘돔,3
B09000,피임 용구,B09010.01,피임용 페서리,3
B09000,피임 용구,B09010.02,이식형 피임기,4
B09000,피임 용구,B09010.03,페서리,3
B09000,피임 용구,B09020.01,피임용 격막,3
B09000,피임 용구,B09030.01,자궁 내 피임기구,4
B09000,피임 용구,B09040.01,피임용 난관 폐색기구,4
C01000,치과 가공용 합금,C01010.01,치과용 귀금속박,2
C01000,치과 가공용 합금,C01010.02,메탈 세라믹용 금속박,2
C01000,치과 가공용 합금,C01020.01,절삭 가공용 치과 금속,2
C02000,치과 주조용 합금,C02010.01,치과 주조용 귀금속 합금,2
C02000,치과 주조용 합금,C02020.01,치과 주조용 준귀금속 합금,2
C02000,치과 주조용 합금,C02030.01,치과 주조용 비귀금속 합금,2
C03000,메탈 세라믹 합금,C03010.01,메탈 세라믹용 귀금속 합금,2
C03000,메탈 세라믹 합금,C03020.01,메탈 세라믹용 준귀금속 합금,2
C03000,메탈 세라믹 합금,C03030.01,메탈 세라믹용 비귀금속 합금,2
C04000,납착용 합금,C04010.01,납착용 귀금속 합금,2
C04000,납착용 합금,C04020.01,납착용 준귀금속 합금,2
C04000,납착용 합금,C04030.01,납착용 비귀금속 합금,2
C05000,가공용 합금,C05010.01,성형된 치관,2
C05000,가공용 합금,C05020.01,의치용 이장·전장,2
C05000,가공용 합금,C05030.01,국소 의치용 가공용 선재,1
C06000,직접 수복 재료,C06010.01,치과용 직접 금충전재,2
C06000,직접 수복 재료,C06020.01,치과용 캡슐형 아말감,2
C06000,직접 수복 재료,C06040.01,치과 수복용 시멘트,2
C06000,직접 수복 재료,C06050.01,심미수복용 복합레진,2
C06000,직접 수복 재료,C06060.01,와동 바니쉬,2
C06000,직접 수복 재료,C06070.01,와동 베이스,2
C06000,직접 수복 재료,C06080.01,와동 이장재,2
C06000,직접 수복 재료,C06090.01,임시 수복재,2
C07000,심미 치관 재료,C07010.01,일반용 치과도재,2
C07000,심미 치관 재료,C07020.01,유리 용융 침투용 치과도재,2
C07000,심미 치관 재료,C07030.01,가압 주조용 치과도재,2
C07000,심미 치관 재료,C07040.01,금속도재 시스템용 치과도재,2
C07000,심미 치관 재료,C07050.01,절삭 가공용 치과도재,2
C07000,심미 치관 재료,C07060.01,주조용 치과도재,2
C07000,심미 치관 재료,C07070.01,치관용 레진,2
C07000,심미 치관 재료,C07070.02,절삭 가공용 레진,2
C07000,심미 치관 재료,C07080.01,임시 레진계 치관,2
C07000,심미 치관 재료,C07090.01,임시 치관용 레진,2
C07000,심미 치관 재료,C07100.01,치관 광택·경화제,2
C08000,의치 재료,C08010.01,금속계 인공 치아,2
C08000,의치 재료,C08020.01,세라믹계 인공 치아,2
C08000,의치 재료,C08030.01,레진계 인공 치아,2
C08000,의치 재료,C08080.01,비왁스계 의치 받침,2
C08000,의치 재료,C08090.01,왁스계 의치 받침,1
C08000,의치 재료,C08140.01,방사선 촬영용 의치 재료,2
C08000,의치 재료,C08150.01,의치 착색재,2
C09000,의치상 재료,C09010.01,의치 부착재,2
C09000,의치상 재료,C09020.01,기타 의치 부착재,3
C09000,의치상 재료,C09030.01,광중합형 의치상용 레진,2
C09000,의치상 재료,C09040.01,열중합형 의치상용 레진,2
C09000,의치상 재료,C09050.01,화학중합형 의치상용 레진,2
C09000,의치상 재료,C09060.01,의치상 광택·경화제,2
C09000,의치상 재료,C09070.01,의치상 수리용 레진,2
C09000,의치상 재료,C09080.01,경질 의치상 이장재,2
C09000,의치상 재료,C09090.01,연질 의치상 이장재,2
C09000,의치상 재료,C09100.01,열가소성 의치상용 레진,2
C09000,의치상 재료,C09110.01,연질 의치상용 레진,2
C10000,근관 치료재,C10010.01,고형 근관 충전재,2
C10000,근관 치료재,C10020.01,연고형 근관 충전재,2
C10000,근관 치료재,C10030.01,근관용 은 포인트,2
C10000,근관 치료재,C10040.01,기타 근관 충전용 재료,2
C10000,근관 치료재,C10050.01,치과용 근관 충전 실러,2
C10000,근관 치료재,C10060.01,근관 치료용 페이퍼 포인트,1
C10000,근관 치료재,C10070.01,치과용 클린저,1
C10000,근관 치료재,C10080.01,치수 복조재,2
C11000,치과 접착용 시멘트,C11010.01,치과용 수성 시멘트,2
C11000,치과 접착용 시멘트,C11020.01,치과용 산화아연 비유지놀 시멘트,2
C11000,치과 접착용 시멘트,C11030.01,치과용 산화아연 유지놀 시멘트,2
C11000,치과 접착용 시멘트,C11040.01,치과용 하이브리드 아이오노머 시멘트,2
C11000,치과 접착용 시멘트,C11050.01,치과용 레진계 시멘트,2
C11000,치과 접착용 시멘트,C11050.02,임시 치과용 시멘트,2
C11000,치과 접착용 시멘트,C11060.01,치과용 산소 차단제,1
C11000,치과 접착용 시멘트,C11070.01,레진 시멘트 색조 확인재,1
C11000,치과 접착용 시멘트,C11080.01,세라믹 산 부식제,1
C11000,치과 접착용 시멘트,C11090.01,세라믹 프라이머,1
C11000,치과 접착용 시멘트,C11100.01,치아 색상용 합성수지,2
C11000,치과 접착용 시멘트,C11110.01,레진 접착 보조제,1
C12000,치과용 접착제,C12010.01,4세대 상아질 접착시스템,2
C12000,치과용 접착제,C12020.01,5세대 상아질 접착 시스템,2
C12000,치과용 접착제,C12030.01,6세대 상아질 접착 시스템,2
C12000,치과용 접착제,C12040.01,7세대 상아질 접착 시스템,2
C12000,치과용 접착제,C12050.01,접착용 레진,2
C12000,치과용 접착제,C12060.01,컨디셔너,1
C12000,치과용 접착제,C12070.01,프라이머,1
C12000,치과용 접착제,C12080.01,산 부식제,1
C13000,치과용 인상 재료,C13020.01,치과용 임프레션 콤파운드,1
C13000,치과용 인상 재료,C13030.01,인상용 왁스,2
C13000,치과용 인상 재료,C13040.01,축합형 치과용 실리콘 인상재,2
C13000,치과용 인상 재료,C13050.01,치과 인상용 석고,2
C13000,치과용 인상 재료,C13060.01,치과용 산화아연 유지놀계 인상재,2
C13000,치과용 인상 재료,C13070.01,치과용 알지네이트 인상재,2
C13000,치과용 인상 재료,C13080.01,치과용 폴리설파이드 인상재,2
C13000,치과용 인상 재료,C13090.01,치과용 폴리에테르 인상재,2
C13000,치과용 인상 재료,C13100.01,치과용 한천 인상재,2
C13000,치과용 인상 재료,C13110.01,부가중합형 폴리비닐실리콘 인상재,2
C13000,치과용 인상 재료,C13120.01,치과용 인상 처치재,1
C13000,치과용 인상 재료,C13150.01,"삭제<2019.6.20..>, 교합인기용재료",1
C13000,치과용 인상 재료,C13160.01,교합  인기용 재료,1
C14000,치과용 왁스,C14050.01,치과 주조용 왁스,1
C14000,치과용 왁스,C14060.01,치과용 베이스 플레이트 왁스,1
C14000,치과용 왁스,C14070.01,쉘락 베이스 플레이트,1
C16000,예방 치과 재료,C16010.01,시아노 아크릴레이트계 치면 열구전색재,2
C16000,예방 치과 재료,C16020.01,치과용 연마제,1
C16000,예방 치과 재료,C16030.01,글라스아이오노머계 치면 열구전색재,2
C16000,예방 치과 재료,C16040.01,레진계 치면 열구전색재,2
C16000,예방 치과 재료,C16050.01,치아 재광화 촉진제,1
C16000,예방 치과 재료,C16060.01,치과용 불소제재,2
C17000,치과 교정 재료,C17010.01,교정용 밴드,2
C17000,치과 교정 재료,C17020.01,교정용 브라켓,2
C17000,치과 교정 재료,C17030.01,치과 교정용 선재,2
C17000,치과 교정 재료,C17040.01,치과 교정용 시멘트,2
C17000,치과 교정 재료,C17050.01,치과 교정장치용 레진,2
C17000,치과 교정 재료,C17060.01,구외 교정장치,1
C17000,치과 교정 재료,C17070.01,치과 교정용 장치,1
C17000,치과 교정 재료,C17080.01,치과 교정용 골 신연장치,3
C17000,치과 교정 재료,C17090.01,치과 교정용 고정장치,3
C18000,악안면 성형용 재료,C18010.01,구강악안면 고정용 판,3
C18000,악안면 성형용 재료,C18020.01,구강악안면 고정용 나사,3
C18000,악안면 성형용 재료,C18030.01,구강악안면 고정용 줄,3
C19000,악골 치아 고정장치,C19010.01,치과용 고정용 줄,2
C19000,악골 치아 고정장치,C19020.01,치과용 섬유강화형 고분자 지지대,2
C19000,악골 치아 고정장치,C19030.01,아치바,2
C20000,치과용 임플란트 시스템,C20010.01,임시 치과용 임플란트,3
C20000,치과용 임플란트 시스템,C20030.01,치과용 임플란트 고정체,3
C20000,치과용 임플란트 시스템,C20040.01,치과용 임플란트 상부구조물,2
C20000,치과용 임플란트 시스템,C20050.01,치과용 임플란트 시스템,3
C20000,치과용 임플란트 시스템,C20060.01,특수재질 치과용 임플란트 고정체,4
C20000,치과용 임플란트 시스템,C20070.01,특수재질 치과용 임플란트 시스템,4
C20000,치과용 임플란트 시스템,C20080.01,치과용 임플란트 상부구조물 홀 충전재,2
C21000,치과 임플란트 시술기구,C21010.01,치과용 임플란트 시술기구,1
C21000,치과 임플란트 시술기구,C21020.01,치과 임플란트 시술용 드릴,1
C21000,치과 임플란트 시술기구,C21030.01,치과 임플란트 시술용 스크루드라이버,1
C21000,치과 임플란트 시술기구,C21040.01,치과용 임플란트 가이드,2
C21000,치과 임플란트 시술기구,C21040.02,치과용 임플란트 가이드 고정 나사,2
C22000,치과용 골 이식재,C22010.01,골 이식용 복합재료,4
C22000,치과용 골 이식재,C22010.02,생체 골 이식재,4
C22000,치과용 골 이식재,C22020.01,이종 골 이식재,4
C22000,치과용 골 이식재,C22030.01,치과용 골 시멘트,4
C22000,치과용 골 이식재,C22040.01,합성 골 이식재,4
C23000,치주조직재생유도재,C23010.01,비흡수성 치주조직 재생 유도재,3
C23000,치주조직재생유도재,C23030.01,흡수성 치주조직 재생 유도재,4
C23000,치주조직재생유도재,C23040.01,치주조직 재생 유도 재고정용 나사,3
C24000,치과용 진단제,C24010.01,냉각 치수 활성 감별재,1
C25000,보철물 분리 재료,C25010.01,보철물 철거재,1
C25000,보철물 분리 재료,C25020.01,보철물 분리재,1
C26000,기타 보철 재료,C26010.01,트레이용 레진,1
C26000,기타 보철 재료,C26020.01,인상 전 처치제,2
C26000,기타 보철 재료,C26030.01,치과용 어태치먼트 패턴,1
C26000,기타 보철 재료,C26040.01,치과용 어태치먼트,2
C26000,기타 보철 재료,C26050.01,치과용 적합 시험재,1
C26000,기타 보철 재료,C26060.01,치과용 색조 가이드,1
C26000,기타 보철 재료,C26070.01,입체 광학 인상채득 보조재료,2
C27000,기타 보존 재료,C27010.01,지각 과민 처치제,2
C27000,기타 보존 재료,C27020.01,금속제 근관 포스트,2
C27000,기타 보존 재료,C27030.01,비금속제 근관 포스트,2
C27000,기타 보존 재료,C27040.01,치과용 유지용 핀,2
C27000,기타 보존 재료,C27050.01,치과용 방습 재료,2
E01000,심혈관 진료용 소프트웨어,E01010.01,심혈관 영상 치료계획 소프트웨어,2
E01000,심혈관 진료용 소프트웨어,E01010.02,심혈관 영상 분석 소프트웨어,2
E01000,심혈관 진료용 소프트웨어,E01020.01,심전도 분석 소프트웨어,2
E01000,심혈관 진료용 소프트웨어,E01020.02,휴대형 심전도 분석 소프트웨어,2
E01000,심혈관 진료용 소프트웨어,E01030.01,혈류 분석 소프트웨어,2
E01000,심혈관 진료용 소프트웨어,E01040.01,심박출량 분석 소프트웨어,2
E01000,심혈관 진료용 소프트웨어,E01050.01,산소포화도 분석 소프트웨어,2
E01000,심혈관 진료용 소프트웨어,E01050.02,휴대형 산소포화도 분석 소프트웨어,2
E01000,심혈관 진료용 소프트웨어,E01060.01,혈중가스 분석 소프트웨어,2
E01000,심혈관 진료용 소프트웨어,E01070.01,혈압 분석 소프트웨어,2
E01000,심혈관 진료용 소프트웨어,E01070.02,휴대형 혈압 분석 소프트웨어,2
E01000,심혈관 진료용 소프트웨어,E01080.01,심박수 분석 소프트웨어,2
E01000,심혈관 진료용 소프트웨어,E01080.02,휴대형 심박수 분석 소프트웨어,2
E01000,심혈관 진료용 소프트웨어,E01090.01,맥파 분석 소프트웨어,2
E01000,심혈관 진료용 소프트웨어,E01090.02,휴대형 맥파 분석 소프트웨어,2
E01000,심혈관 진료용 소프트웨어,E01100.01,심폐생리 분석 소프트웨어,3
E01000,심혈관 진료용 소프트웨어,E01110.01,심혈관 위험 평가 소프트웨어,3
E01000,심혈관 진료용 소프트웨어,E01120.01,심혈관 영상 검출‧진단보조 소프트웨어,3
E02000,치의학 진료용 소프트웨어,E02010.01,1등급 치과 영상 전송장치소프트웨어,1
E02000,치의학 진료용 소프트웨어,E02010.02,2등급 치과 영상 전송장치 소프트웨어,2
E02000,치의학 진료용 소프트웨어,E02020.01,치과영상 치료계획 소프트웨어,2
E02000,치의학 진료용 소프트웨어,E02020.02,치과영상 분석 소프트웨어,2
E02000,치의학 진료용 소프트웨어,E02030.01,치과영상 검출·진단보조 소프트웨어,2
E03000,이비인후과학 진료용 소프트웨어,E03010.01,청력 검사 소프트웨어,2
E03000,이비인후과학 진료용 소프트웨어,E03020.01,청각 유발반응 분석 소프트웨어,2
E03000,이비인후과학 진료용 소프트웨어,E03030.01,중이기능 분석 소프트웨어,2
E03000,이비인후과학 진료용 소프트웨어,E03040.01,평형기능 분석 소프트웨어,2
E03000,이비인후과학 진료용 소프트웨어,E03050.01,후두성능 분석 소프트웨어,2
E03000,이비인후과학 진료용 소프트웨어,E03060.01,언어음성 장애 진단보조 소프트웨어,2
E03000,이비인후과학 진료용 소프트웨어,E03070.01,청력 재활 소프트웨어,2
E04000,위장병학 및 비뇨의학 진료용 소프트웨어,E04010.01,내시경 영상 치료계획 소프트웨어,2
E04000,위장병학 및 비뇨의학 진료용 소프트웨어,E04010.02,내시경 영상 분석 소프트웨어,2
E04000,위장병학 및 비뇨의학 진료용 소프트웨어,E04020.01,내시경 영상 검출‧진단보조 소프트웨어,2
E04000,위장병학 및 비뇨의학 진료용 소프트웨어,E04020.02,위암 영상 검출‧진단보조 소프트웨어,3
E04000,위장병학 및 비뇨의학 진료용 소프트웨어,E04020.03,대장암 영상 검출‧진단보조 소프트웨어,3
E04000,위장병학 및 비뇨의학 진료용 소프트웨어,E04020.04,전립선암 영상 검출·진단보조 소프트웨어,3
E04000,위장병학 및 비뇨의학 진료용 소프트웨어,E04020.05,방광암 영상 검출·진단보조 소프트웨어,3
E04000,위장병학 및 비뇨의학 진료용 소프트웨어,E04030.01,전립선 질환 위험평가 소프트웨어,2
E05000,병원진료용 소프트웨어,E05010.01,의약품 주입 관리 소프트웨어,2
E05000,병원진료용 소프트웨어,E05010.02,의약품 주입량 감시 조절 소프트웨어,3
E05000,병원진료용 소프트웨어,E05020.01,생체신호 분석 소프트웨어,2
E05000,병원진료용 소프트웨어,E05020.02,수면 생체신호 분석 소프트웨어,2
E05000,병원진료용 소프트웨어,E05020.03,2등급 휴대형 다기능 생체분석 소프트웨어,2
E05000,병원진료용 소프트웨어,E05020.04,3등급 휴대형 다기능 생체분석 소프트웨어,3
E05000,병원진료용 소프트웨어,E05030.01,초음파 골밀도 분석 소프트웨어,2
E05000,병원진료용 소프트웨어,E05040.01,초음파 영상 치료계획 소프트웨어,2
E05000,병원진료용 소프트웨어,E05040.02,초음파 영상 분석 소프트웨어,2
E05000,병원진료용 소프트웨어,E05050.01,2등급 초음파 영상 검출‧진단보조 소프트웨어,2
E05000,병원진료용 소프트웨어,E05050.02,3등급 초음파 영상 검출‧진단보조 소프트웨어,3
E05000,병원진료용 소프트웨어,E05060.01,근적외선 카메라 영상 분석 소프트웨어,2
E05000,병원진료용 소프트웨어,E05070.01,상처 영상 분석 소프트웨어,2
E05000,병원진료용 소프트웨어,E05080.01,폐활량 분석 소프트웨어,2
E05000,병원진료용 소프트웨어,E05080.02,폐 운동부하 분석 소프트웨어,2
E05000,병원진료용 소프트웨어,E05090.01,호흡가스 분석 소프트웨어,2
E05000,병원진료용 소프트웨어,E05090.02,호흡기능 분석 소프트웨어,2
E05000,병원진료용 소프트웨어,E05090.03,호흡저항 분석 소프트웨어,2
E05000,병원진료용 소프트웨어,E05090.04,휴대형 호흡 분석 소프트웨어,2
E05000,병원진료용 소프트웨어,E05100.01,휴대형 체온분석 소프트웨어,2
E05000,병원진료용 소프트웨어,E05110.01,1등급 유헬스케어 게이트웨이 소프트웨어,1
E05000,병원진료용 소프트웨어,E05110.02,2등급 유헬스케어 게이트웨이 소프트웨어,2
E05000,병원진료용 소프트웨어,E05110.03,유헬스케어 진단지원 소프트웨어,3
E05000,병원진료용 소프트웨어,E05120.01,간 질환 위험평가 소프트웨어,2
E05000,병원진료용 소프트웨어,E05120.02,당뇨 질환 위험평가 소프트웨어,2
E05000,병원진료용 소프트웨어,E05120.03,폐 질환 위험평가 소프트웨어,2
E05000,병원진료용 소프트웨어,E05130.01,환자 감시용 소프트웨어,2
E06000,신경과학 진료용 소프트웨어,E06010.01,뇌파 분석 소프트웨어,2
E06000,신경과학 진료용 소프트웨어,E06010.02,뇌자도 분석 소프트웨어,2
E06000,신경과학 진료용 소프트웨어,E06020.01,뇌 영상 치료계획소프트웨어,2
E06000,신경과학 진료용 소프트웨어,E06020.02,뇌 영상 분석 소프트웨어,2
E06000,신경과학 진료용 소프트웨어,E06030.01,운동실조 분석 소프트웨어,2
E06000,신경과학 진료용 소프트웨어,E06040.01,파킨슨병 운동보조 분석 소프트웨어,2
E06000,신경과학 진료용 소프트웨어,E06050.01,심리 평가 소프트웨어,2
E06000,신경과학 진료용 소프트웨어,E06060.01,인지 평가 소프트웨어,2
E06000,신경과학 진료용 소프트웨어,E06060.02,인지 치료 소프트웨어,2
E06000,신경과학 진료용 소프트웨어,E06070.01,정서장애 치료 소프트웨어,2
E06000,신경과학 진료용 소프트웨어,E06080.01,유발반응 분석 소프트웨어,2
E06000,신경과학 진료용 소프트웨어,E06090.01,뇌 영상 검출‧진단보조 소프트웨어,3
E07000,산부인과학 진료용 소프트웨어,E07010.01,생식력 진단보조 소프트웨어,2
E07000,산부인과학 진료용 소프트웨어,E07020.01,태아 생체신호 분석 소프트웨어,2
E07000,산부인과학 진료용 소프트웨어,E07020.02,태아 초음파 심음 분석 소프트웨어,2
E07000,산부인과학 진료용 소프트웨어,E07030.01,선천성 결함 위험평가 소프트웨어,3
E08000,안과학 진료용 소프트웨어,E08010.01,안과 영상 치료계획 소프트웨어,2
E08000,안과학 진료용 소프트웨어,E08010.02,안과 영상 분석 소프트웨어,2
E08000,안과학 진료용 소프트웨어,E08020.01,안과 영상 검출·진단보조 소프트웨어,3
E08000,안과학 진료용 소프트웨어,E08030.01,시각 훈련 소프트웨어,2
E08000,안과학 진료용 소프트웨어,E08040.01,안구 운동 분석 소프트웨어,2
E08000,안과학 진료용 소프트웨어,E08050.01,암슬러 격자 검사 소프트웨어,1
E08000,안과학 진료용 소프트웨어,E08060.01,안과 질환 위험평가 소프트웨어,2
E09000,정형외과학 진료용 소프트웨어,E09010.01,정형외과 영상 치료계획 소프트웨어,2
E09000,정형외과학 진료용 소프트웨어,E09010.02,정형외과 영상 분석소프트웨어,2
E09000,정형외과학 진료용 소프트웨어,E09020.01,정형외과 영상 검출·진단보조 소프트웨어,2
E10000,재활의학 진료용 소프트웨어,E10010.01,근전도 분석 소프트웨어,2
E10000,재활의학 진료용 소프트웨어,E10020.01,호흡 재활 소프트웨어,2
E10000,재활의학 진료용 소프트웨어,E10020.02,심폐기능 재활 소프트웨어,3
E10000,재활의학 진료용 소프트웨어,E10030.01,근골격계 재활 소프트웨어,2
E10000,재활의학 진료용 소프트웨어,E10030.02,근골격계 분석 소프트웨어,2
E11000,방사선종양학 및 영상의학 진료용 소프트웨어,E11010.01,휴대형 의료영상 전송장치 소프트웨어,1
E11000,방사선종양학 및 영상의학 진료용 소프트웨어,E11010.02,1등급 의료영상 전송장치 소프트웨어,1
E11000,방사선종양학 및 영상의학 진료용 소프트웨어,E11010.03,2등급 의료영상 전송장치 소프트웨어,2
E11000,방사선종양학 및 영상의학 진료용 소프트웨어,E11020.01,의료영상 치료계획 소프트웨어,2
E11000,방사선종양학 및 영상의학 진료용 소프트웨어,E11020.02,의료영상 분석 소프트웨어,2
E11000,방사선종양학 및 영상의학 진료용 소프트웨어,E11020.03,방사선 치료계획 소프트웨어,2
E11000,방사선종양학 및 영상의학 진료용 소프트웨어,E11020.04,붕소 중성자 포획 치료계획 소프트웨어,2
E11000,방사선종양학 및 영상의학 진료용 소프트웨어,E11030.01,2등급 의료영상 검출·진단보조 소프트웨어,2
E11000,방사선종양학 및 영상의학 진료용 소프트웨어,E11030.02,3등급 의료영상 검출·진단보조 소프트웨어,3
E11000,방사선종양학 및 영상의학 진료용 소프트웨어,E11030.03,유방암 영상 검출·진단보조 소프트웨어,3
E11000,방사선종양학 및 영상의학 진료용 소프트웨어,E11040.01,암 위험평가 소프트웨어,3
E12000,피부과학 진료용 소프트웨어,E12010.01,피부암 영상 검출·진단보조 소프트웨어,3
E12000,피부과학 진료용 소프트웨어,E12010.02,피부질환 진단보조 소프트웨어,2
